frame,pile_type,fem_length_m,Lfab_m_calibrated
1,BTCT_D800,25.748214,34.231359
2,BTCT_D800,25.748214,34.231359
3,BTCT_D800,25.748214,34.231359
4,BTCT_D800,25.748214,34.231359
5,BTCT_D800,25.748214,34.231359
6,BTCT_D800,25.748214,34.231359
7,BTCT_D800,25.748214,34.231359
8,BTCT_D800,25.748214,34.231359
9,BTCT_D800,25.748214,34.231359
10,BTCT_D800,25.748214,34.231359
11,BTCT_D800,25.748214,34.231359
12,BTCT_D800,25.748214,34.231359
13,BTCT_D800,25.748214,34.231359
14,BTCT_D800,25.751427,34.234987
15,BTCT_D800,25.751427,34.234987
16,BTCT_D800,25.751427,34.234987
17,BTCT_D800,25.751427,34.234987
18,BTCT_D800,24.746429,33.100108
19,BTCT_D800,24.746429,33.100108
20,BTCT_D800,24.746429,33.100108
21,BTCT_D800,24.746429,33.100108
22,BTCT_D800,24.746429,33.100108
23,BTCT_D800,24.746429,33.100108
24,BTCT_D800,24.746429,33.100108
25,BTCT_D800,24.746429,33.100108
26,BTCT_D800,24.746429,33.100108
27,BTCT_D800,24.746429,33.100108
28,BTCT_D800,24.746429,33.100108
29,BTCT_D800,24.746429,33.100108
30,BTCT_D800,24.746429,33.100108
31,BTCT_D800,24.743411,33.096700
32,BTCT_D800,24.743411,33.096700
33,BTCT_D800,24.743411,33.096700
34,BTCT_D800,24.743411,33.096700
35,BTCT_D800,26.750000,35.362610
36,BTCT_D800,26.750000,35.362610
37,BTCT_D800,22.700000,30.789210
38,BTCT_D800,22.700000,30.789210
39,BTCT_D800,26.750000,35.362610
40,BTCT_D800,22.700000,30.789210
41,BTCT_D800,22.700000,30.789210
42,BTCT_D800,22.700000,30.789210
43,BTCT_D800,22.700000,30.789210
44,BTCT_D800,26.750000,35.362610
45,BTCT_D800,22.700000,30.789210
46,BTCT_D800,22.700000,30.789210
47,BTCT_D800,22.700000,30.789210
48,BTCT_D800,26.750000,35.362610
49,BTCT_D800,22.700000,30.789210
50,BTCT_D800,22.700000,30.789210
51,BTCT_D800,22.700000,30.789210
52,BTCT_D800,26.750000,35.362610
53,BTCT_D800,22.700000,30.789210
54,BTCT_D800,22.695880,30.784557
55,BTCT_D800,22.695880,30.784557
56,BTCT_D800,26.750000,35.362610
57,BTCT_D800,22.695880,30.784557
58,BTCT_D800,22.695880,30.784557
59,BTCT_D800,20.230000,28.000000
60,BTCT_D800,26.750000,35.362610
61,BTCT_D800,21.000000,28.869511
62,BTCT_D800,21.900000,29.885822
63,BTCT_D800,20.230000,28.000000
64,BTCT_D800,26.750000,35.362610
65,BTCT_D800,21.000000,28.869511
66,BTCT_D800,21.900000,29.885822
67,BTCT_D800,20.230000,28.000000
68,BTCT_D800,26.750000,35.362610
69,BTCT_D800,20.230000,28.000000
70,BTCT_D800,21.000000,28.869511
71,BTCT_D800,21.900000,29.885822
72,BTCT_D800,26.750000,35.362610
73,BTCT_D800,20.230000,28.000000
74,BTCT_D800,21.000000,28.869511
75,BTCT_D800,21.900000,29.885822
76,BTCT_D800,20.230000,28.000000
77,BTCT_D800,21.000000,28.869511
78,BTCT_D800,21.900000,29.885822
79,BTCT_D800,20.230000,28.000000
80,BTCT_D800,21.000000,28.869511
81,BTCT_D800,21.900000,29.885822
82,BTCT_D800,26.750000,35.362610
83,BTCT_D800,20.230000,28.000000
84,BTCT_D800,21.000000,28.869511
85,BTCT_D800,21.900000,29.885822
86,BTCT_D800,26.750000,35.362610
87,BTCT_D800,20.230000,28.000000
88,BTCT_D800,28.200000,37.000000
89,BTCT_D800,21.000000,28.869511
90,BTCT_D800,28.200000,37.000000
91,BTCT_D800,21.900000,29.885822
92,BTCT_D800,28.200000,37.000000
93,BTCT_D800,20.230000,28.000000
94,BTCT_D800,28.200000,37.000000
95,BTCT_D800,21.000000,28.869511
96,BTCT_D800,28.200000,37.000000
97,BTCT_D800,21.900000,29.885822
98,BTCT_D800,28.200000,37.000000
99,BTCT_D800,20.230000,28.000000
100,BTCT_D800,28.200000,37.000000
101,BTCT_D800,21.000000,28.869511
103,BTCT_D800,28.200000,37.000000
104,BTCT_D800,21.900000,29.885822
105,BTCT_D800,28.200000,37.000000
106,BTCT_D800,20.230000,28.000000
107,BTCT_D800,28.200000,37.000000
108,BTCT_D800,21.000000,28.869511
109,BTCT_D800,28.200000,37.000000
110,BTCT_D800,21.900000,29.885822
111,BTCT_D800,28.200000,37.000000
112,BTCT_D800,20.230000,28.000000
113,BTCT_D800,28.200000,37.000000
114,BTCT_D800,20.230000,28.000000
115,BTCT_D800,28.200000,37.000000
116,BTCT_D800,21.000000,28.869511
117,BTCT_D800,28.200000,37.000000
119,BTCT_D800,21.900000,29.885822
120,BTCT_D800,20.230000,28.000000
121,BTCT_D800,21.000000,28.869511
122,BTCT_D800,21.900000,29.885822
123,BTCT_D800,21.901508,29.887525
125,BTCT_D800,20.997640,28.866845
126,BTCT_D800,20.997640,28.866845
127,BTCT_D800,21.901508,29.887525
128,BTCT_D800,20.997640,28.866845
129,BTCT_D800,21.901508,29.887525
132,BTCT_D800,21.901508,29.887525
135,BTCT_D800,20.997640,28.866845
136,BTCT_D800,26.751669,35.364494
137,BTCT_D800,26.751669,35.364494
138,BTCT_D800,26.751669,35.364494
139,BTCT_D800,26.751669,35.364494
140,Steel_D1016,28.614243,31.720965
141,Steel_D1016,28.706106,31.810060
142,Steel_D1016,28.706106,31.810060
143,Steel_D1016,28.706106,31.810060
144,Steel_D1016,28.706106,31.810060
145,Steel_D1016,28.706106,31.810060
146,Steel_D1016,28.706106,31.810060
147,Steel_D1016,25.511181,28.711391
148,Steel_D1016,25.511181,28.711391
149,Steel_D1016,25.511181,28.711391
150,Steel_D1016,25.511181,28.711391
151,Steel_D1016,25.511181,28.711391
152,Steel_D1016,25.511181,28.711391
153,Steel_D1016,25.511181,28.711391
154,Steel_D1016,24.825489,28.046358
155,Steel_D1016,24.777692,28.000000
156,Steel_D1016,24.777692,28.000000
157,Steel_D1016,24.777692,28.000000
158,Steel_D1016,24.777692,28.000000
159,Steel_D1016,24.777692,28.000000
160,Steel_D1016,24.777692,28.000000
161,Steel_D1016,28.901947,32.000000
162,Steel_D1016,28.901947,32.000000
163,Steel_D1016,28.901947,32.000000
164,Steel_D1016,28.901947,32.000000
165,Steel_D1016,28.901947,32.000000
166,Steel_D1016,28.901947,32.000000
167,Steel_D1016,28.901947,32.000000
168,Steel_D1016,28.706106,31.810060
169,Steel_D1016,28.706106,31.810060
170,Steel_D1016,28.706106,31.810060
171,Steel_D1016,28.706106,31.810060
172,Steel_D1016,28.706106,31.810060
173,Steel_D1016,28.706106,31.810060
174,Steel_D1016,28.706106,31.810060
175,Steel_D1016,25.511181,28.711391
176,Steel_D1016,25.511181,28.711391
177,Steel_D1016,25.511181,28.711391
178,Steel_D1016,25.511181,28.711391
179,Steel_D1016,25.511181,28.711391
180,Steel_D1016,25.511181,28.711391
181,Steel_D1016,28.614243,31.720965
182,Steel_D1016,24.777692,28.000000
183,Steel_D1016,24.777692,28.000000
184,Steel_D1016,24.777692,28.000000
185,Steel_D1016,24.777692,28.000000
186,Steel_D1016,24.777692,28.000000
187,Steel_D1016,24.777692,28.000000
188,Steel_D1016,24.777692,28.000000
189,Steel_D1016,28.901947,32.000000
190,Steel_D1016,28.901947,32.000000
191,Steel_D1016,28.901947,32.000000
192,Steel_D1016,28.901947,32.000000
193,Steel_D1016,28.901947,32.000000
194,Steel_D1016,28.901947,32.000000
195,Steel_D1016,24.825489,28.046358
196,Steel_D1016,28.706106,31.810060
197,Steel_D1016,25.511181,28.711391
198,Steel_D1016,24.777692,28.000000
199,Steel_D1016,28.901947,32.000000
