joint,load_case,step_type,U1,U2,U3,R1,R2,R3
4,BAO KT,Max,0.005154200254707411,0.000661700262990438,-0.0023791805091580706,0.00020493812283389816,4.5588691261041204e-05,0.0001573139871666612
4,BAO KT,Min,-0.003952848457151304,-0.011900475844329735,-0.005076302059513135,-3.7327076485740694e-06,-0.00011851381583884433,-3.995827399123794e-05
6,BAO KT,Max,0.004328792015104904,0.0006616765495357405,-0.002323892545506586,0.00022127229442934262,2.8636194416330984e-06,0.00015694829313860406
6,BAO KT,Min,-0.003750758989044087,-0.011286730095177165,-0.004983500923184623,1.3486102305986985e-05,-0.00015214249019109596,-3.976973246269749e-05
8,BAO KT,Max,0.0035074769733194283,0.0006615334197358085,-0.0021514370416944205,0.00015552485550023934,-1.3724227935690912e-05,0.00015636538041002046
8,BAO KT,Min,-0.0036159754324388074,-0.01067423864611397,-0.004528113412104812,-9.822073688421979e-06,-0.00015181497028089923,-3.957827011658035e-05
10,BAO KT,Max,0.0026899290237297263,0.0006610773262279387,-0.0017884180189056038,0.00022312562508703044,1.7191432279679065e-05,0.00015606759708888457
10,BAO KT,Min,-0.003481928538098692,-0.010064031964594697,-0.003809843262971894,-5.1638540971591615e-05,-0.00010683489842005344,-3.9615992192595464e-05
12,BAO KT,Max,0.000941207144591003,0.0017451127855519105,-0.0014667870372469646,0.00012874520971967778,2.9713579022828448e-05,0.00015652714877275218
12,BAO KT,Min,-0.0032066941269729456,-0.008771266623269084,-0.003147744413945985,-7.71477066165802e-05,-9.466492850920866e-05,-4.118967730309432e-05
14,BAO KT,Max,1.6991045890156435e-05,0.0023879253974779017,-0.0013503784206971062,7.16479730236277e-05,1.0153613398327065e-05,0.00015788738532989435
14,BAO KT,Min,-0.004093117471907856,-0.008284938514147243,-0.002965033973168808,-1.5722149254351835e-05,-0.00011184787996085718,-4.289065857419118e-05
16,BAO KT,Max,-7.239479034920692e-05,0.0030332126486815394,-0.0010263163518030936,0.00018255705279588915,3.64489204557102e-05,0.00016130084946489422
16,BAO KT,Min,-0.004988085611748348,-0.0083189201875307,-0.0024123259912695837,-3.265544983495783e-05,-8.9044577287025e-05,-4.630750425574133e-05
18,BAO KT,Max,0.005154149866001563,0.0007487723097949123,-0.0023941747124321907,0.00025215429033409003,1.454006770445944e-05,0.0001576752163971503
18,BAO KT,Min,-0.003356102794002424,-0.011139287367968688,-0.0051402230510804725,3.3626967601686606e-05,-0.00010273250105922405,-4.011303793354586e-05
26,BAO KT,Max,0.00432839929244716,0.00074873474932092,-0.0021958359182013636,0.00025978950961475964,-3.352452833551201e-05,0.00015729495440210567
26,BAO KT,Min,-0.003153909550574486,-0.010525618201325117,-0.004728612532131997,3.392340452547333e-05,-0.00015952162003778244,-3.9950945348217014e-05
28,BAO KT,Max,0.0035072379578660736,0.0007487549478067859,-0.0019850420101088784,0.00014286375719476857,-4.4956745337935333e-05,0.00015693662652634593
28,BAO KT,Min,-0.003019292083923979,-0.009912904465176519,-0.004192577471344809,-1.291983346410979e-05,-0.00016338191419829843,-3.985522496458143e-05
30,BAO KT,Max,0.0026898702721899117,0.0007488802719885438,-0.001730674895939616,0.00017970801749211712,-2.504351166252716e-05,0.0001568152432701598
30,BAO KT,Min,-0.0028854173334343395,-0.009301327648004589,-0.003660945693020345,-8.661021981144326e-05,-0.00011900928464349462,-3.99609628769022e-05
32,BAO KT,Max,0.0009420249392421486,0.0016153876639793813,-0.0014279271133285035,0.00015342412345253047,-2.2560319304647366e-05,0.00015760933388997975
32,BAO KT,Min,-0.0026094017481082853,-0.008001137842330218,-0.003082333234602823,-4.8473251772687796e-05,-9.993516363755127e-05,-4.142770977657937e-05
34,BAO KT,Max,1.6893684483569744e-05,0.002249120728606451,-0.0012599527937121242,6.733756754865733e-05,-3.263524837386837e-05,0.00015896642911555244
34,BAO KT,Min,-0.00349627900119941,-0.007478302477164366,-0.0027813788011337866,-1.8358061515961083e-05,-0.00011693864576671671,-4.2923464466645126e-05
36,BAO KT,Max,-7.258913260093291e-05,0.0028806193177572338,-0.0010415773685252384,0.00015674843986581875,-1.3190091517109015e-05,0.00016197177415435202
36,BAO KT,Min,-0.004392875405206224,-0.007485917721870967,-0.0023584306855016874,-6.937698673704108e-05,-8.964862979335621e-05,-4.5477125147900396e-05
38,BAO KT,Max,-0.00015513153662522408,0.0037052038223776536,-0.0004601522513039499,0.00033664646438151297,0.00010689957636967321,0.0001721527422826453
38,BAO KT,Min,-0.005992444092795729,-0.008473475371971614,-0.0014150335630471733,7.718604065711536e-05,-4.411395222000477e-05,-5.883146602234923e-05
40,BAO KT,Max,-0.0001552438974295312,0.0036524653751799432,-0.0005169595715634502,0.0003202869938208897,0.00010853771972325903,0.000176342117907711
40,BAO KT,Min,-0.005840488372852739,-0.008251568353232652,-0.0015636150922393637,8.495038392423598e-05,-3.533081452750503e-05,-5.678993221582945e-05
42,BAO KT,Max,-0.0001555153031557579,0.003529491272525827,-0.0006173145110703647,0.00031301139410945934,4.23685619705391e-05,0.0001698330271277732
42,BAO KT,Min,-0.005393689671080836,-0.007590071646860446,-0.0017582053371509108,7.651871906091108e-05,-2.548616009512509e-05,-4.765043937070699e-05
44,BAO KT,Max,-0.00015577986024767324,0.003489541190318738,-0.0006128443070820696,0.0003059220679791164,3.426795757326647e-05,0.00016458750604246303
44,BAO KT,Min,-0.005240985078069448,-0.007379162516531487,-0.0017718577104345356,7.571743661980018e-05,-2.6984515674391224e-05,-4.601331455919964e-05
46,BAO KT,Max,0.0018737469519825123,0.0011196813007601808,-0.0014269135503460555,6.809681589602752e-05,6.93684259166623e-05,0.00015577505749570316
46,BAO KT,Min,-0.0034228197920558806,-0.00955343421729854,-0.003323323812715729,7.819934800479833e-06,-4.455232093998901e-05,-4.063072602611624e-05
49,BAO KT,Max,0.0018738730385053598,0.0010857295939445586,-0.0014537491298332863,6.332777007545536e-05,6.453250900347222e-05,0.00015744593607833722
49,BAO KT,Min,-0.003270887783604315,-0.009360377749367809,-0.003412984483010023,7.656017604799348e-06,-4.798152163607551e-05,-4.073603412243411e-05
51,BAO KT,Max,0.0018747059069184882,0.0009996328659056843,-0.0015085744650168973,5.2359352899635205e-05,2.4106343738775863e-05,0.00015746596077989046
51,BAO KT,Min,-0.0028265039191660013,-0.0087867297817253,-0.0035238096006965677,5.380922632140439e-06,-5.0532006756884206e-05,-4.1035038040204236e-05
53,BAO KT,Max,0.0018745653137900115,0.0009628882586957138,-0.0015135764082866,5.026098314331364e-05,1.7648387308987922e-05,0.00015773510876289604
53,BAO KT,Min,-0.0026746435353837026,-0.008593705003442234,-0.003494968458121494,5.0206076056316335e-06,-5.9489833144144954e-05,-4.1280962450437264e-05
55,BAO KT,Max,0.005153321570675771,0.0008361113347578071,-0.0023851370596526646,0.00030028825193556264,1.7493791308037264e-05,0.0001579881559699587
55,BAO KT,Min,-0.0027590938591711763,-0.010375328223595959,-0.005161724911598352,6.163401580561921e-05,-7.388568613868637e-05,-4.030848918838123e-05
57,BAO KT,Max,0.004252926042657895,0.0008360177090295104,-0.001997945397820952,0.00027716184504090633,1.914488993572649e-05,0.00015883187090291826
57,BAO KT,Min,-0.0025462888283924565,-0.009708675614927841,-0.004343581760441075,4.945922929377815e-05,-8.221361742244997e-05,-3.889855789279909e-05
59,BAO KT,Max,0.003432579018117585,0.0008360328592426515,-0.001762416421417706,0.00013001953966824614,1.7776956600144035e-05,0.00015818847567578522
59,BAO KT,Min,-0.0024119687760862352,-0.009095200287556298,-0.003746107546353268,-1.620331382697476e-05,-7.732620703880079e-05,-3.8807877617367264e-05
61,BAO KT,Max,0.0026156834808290117,0.000836054739402371,-0.0016002176388643459,0.00012416630405915165,1.7591941658040583e-05,0.00015797404164742465
61,BAO KT,Min,-0.0022783535047086086,-0.008482409908535382,-0.003342504344267232,-9.445598954511347e-05,-6.29937362040018e-05,-3.880868668502114e-05
63,BAO KT,Max,0.0008684317388142237,0.0015347322277045193,-0.0012919501424969448,0.00014013579282219098,1.2163920255524928e-05,0.0001588414940628355
63,BAO KT,Min,-0.0020811104342911523,-0.007177209901680602,-0.0027910777025389245,-1.4803340308327837e-05,-6.961464294135494e-05,-4.0337793395209635e-05
65,BAO KT,Max,4.50231339748271e-06,0.002165112448945166,-0.001088218416616126,5.9609631009534336e-05,7.783352769436287e-06,0.00016011497010018575
65,BAO KT,Min,-0.002969173767190811,-0.006677811418707103,-0.002414624314857596,-2.6883478217801303e-05,-7.36194493798887e-05,-4.173375686521212e-05
68,BAO KT,Max,-8.207480745285912e-05,0.0027942372200819438,-0.0009479215087867491,0.00012253534081654654,7.5064529363305355e-06,0.00016267158674453946
68,BAO KT,Min,-0.003868059089675138,-0.0066823376657328005,-0.0020623095784432915,-6.944118958704021e-05,-6.163653631063774e-05,-4.358800210682061e-05
70,BAO KT,Max,-0.00015627356003452777,0.0033945066288937928,-0.0005844118279981975,0.0002879599806857005,1.310718522251533e-05,0.000156925052925323
70,BAO KT,Min,-0.004794243539192441,-0.006779776329157725,-0.001646345227832045,6.635814349440218e-05,-4.57757264943985e-05,-4.240653638746632e-05
81,BAO KT,Max,-0.00015656055255505895,0.003359796537447454,-0.0006057594056028911,0.00028438425966824984,1.5028059862970442e-05,0.00015286488749363404
81,BAO KT,Min,-0.004641754378129769,-0.006585691839850961,-0.0016002759901328138,6.827063917102497e-05,-1.6708327124750783e-05,-4.188844780787803e-05
83,BAO KT,Max,0.0018747098405968955,0.0008742419399071829,-0.0015225131403845064,4.389631431424885e-05,1.3285591637513909e-05,0.0001575883701639377
83,BAO KT,Min,-0.0022304644121403537,-0.008018797670405076,-0.0033323056978431954,3.264727800819026e-06,-4.9577562263191365e-05,-4.1102365339412233e-05
85,BAO KT,Max,0.0018743786021342568,0.0008452526623584943,-0.0015316708893412122,4.441785634852114e-05,2.4074440866070084e-05,0.0001577066492524711
85,BAO KT,Min,-0.0020787061380090842,-0.007825638879174288,-0.0033015357594158748,3.5792407345132775e-06,-2.404153125434503e-05,-4.1088300354409947e-05
87,BAO KT,Max,-6.347205537267928e-05,0.002700279283970203,-0.0009604971323263022,0.00012462655869870733,7.923152276340556e-06,0.0001597087257762092
87,BAO KT,Min,-0.003728898497876599,-0.006681486406981915,-0.0020760760476111256,-5.306862665009899e-05,-6.491697623568074e-05,-4.231250947172644e-05
89,BAO KT,Max,7.916442625422304e-05,0.002070977075024334,-0.0011119480010573354,7.346441890771144e-05,8.644244153252737e-06,0.00015846812735097006
89,BAO KT,Min,-0.00283203780965867,-0.006676544540884889,-0.0024711319103445225,-8.04057723368446e-06,-7.374558705408508e-05,-4.097420520032108e-05
91,BAO KT,Max,0.0010155337051959562,0.0014404223637759451,-0.0013218007293955257,0.00016006319743218033,1.3420974872754029e-05,0.0001579153385395232
91,BAO KT,Min,-0.0020056526030922182,-0.007281028972492351,-0.002848550597253835,-8.333860896030939e-06,-6.65430548261907e-05,-3.997018345762302e-05
93,BAO KT,Max,0.0027619185667607554,0.0008362577807708514,-0.0016153053395125136,0.00013793739902665423,1.7763245907345335e-05,0.00015754837100010849
93,BAO KT,Min,-0.0022986392946887893,-0.008587240449596897,-0.003399993035737537,-7.98989982794561e-05,-6.618392404009676e-05,-3.889116554542796e-05
95,BAO KT,Max,0.003579215832874727,0.0008361902067122424,-0.00179688263126662,0.0001363320122126493,1.842880326174936e-05,0.00015799583227138974
95,BAO KT,Min,-0.0024323085039222067,-0.009200159178780079,-0.0038387952275783263,3.8111032537049323e-07,-7.85467743331715e-05,-3.893940416026652e-05
98,BAO KT,Max,0.004400539998738412,0.0008361831479982502,-0.0020495533098716812,0.00030618528547636417,1.941299589799594e-05,0.00015893383755977223
98,BAO KT,Min,-0.002566649448509721,-0.009813734176262055,-0.004475730122007458,6.104191577051798e-05,-8.190478616276373e-05,-3.9105307700278024e-05
100,BAO KT,Max,0.005150934535254386,0.0009233472488178376,-0.0024590488690945595,0.0002584073108027557,8.462065136381343e-05,0.00015806668778064112
100,BAO KT,Min,-0.0021616001636068126,-0.009610299817561518,-0.005332229558697332,3.2382319408935366e-05,1.9984527410154345e-05,-4.010427820386268e-05
102,BAO KT,Max,0.004325628074184758,0.0009234553820476093,-0.0022676225645719954,0.0002668596462998457,0.00014665732115180547,0.00015751940436729692
102,BAO KT,Min,-0.0019607732366778677,-0.008995909256154457,-0.004925428950593451,3.242661162892012e-05,5.360621000191748e-05,-3.988650450226282e-05
104,BAO KT,Max,0.0035053392966732447,0.0009235370306100083,-0.002054611048289562,0.0001449536151206704,0.00015960379421931957,0.00015717495401671862
104,BAO KT,Min,-0.0018268710294366936,-0.008381848505207309,-0.00437564647987751,-1.3932528664066621e-05,6.181839436079568e-05,-3.977813287670263e-05
106,BAO KT,Max,0.002688470581559,0.0009236287311039561,-0.0018159820578880267,0.00017905375935758615,0.00012461464932721165,0.00015700345459953766
106,BAO KT,Min,-0.0016934725942995017,-0.007768142792125447,-0.0038049663820655523,-7.676469668607574e-05,4.443243317884385e-05,-3.980460854302258e-05
108,BAO KT,Max,0.0009416691932444926,0.0013636757543918747,-0.0014891985357674187,0.00014834822467021374,0.00011785558132179215,0.00015752386422855302
108,BAO KT,Min,-0.0014204159536468901,-0.006460295244949705,-0.0031977682699879427,-4.07134657084277e-05,3.692747380667976e-05,-4.054087370869521e-05
110,BAO KT,Max,1.6814248114831288e-05,0.0019941409131880227,-0.001299856682315847,7.322165664165016e-05,0.00013230196615834078,0.00015827581281514642
110,BAO KT,Min,-0.002308640480796054,-0.005883577130710702,-0.0028724338383269523,-1.805340806002377e-05,4.1171056903306966e-05,-4.105753496728939e-05
115,BAO KT,Max,-7.285445969907819e-05,0.002624348894540213,-0.0010951115461731139,0.00016150386477354692,0.00010142397672849407,0.0001594790748271741
115,BAO KT,Min,-0.0032053398821229612,-0.0058978352014968805,-0.0024200312977164444,-5.914594041636248e-05,2.5811359276822574e-05,-4.1566277641992785e-05
117,BAO KT,Max,-0.00015698265278503947,0.003271832602153458,-0.0006336995387106695,0.00029625809896785695,5.367532940221649e-05,0.00015696129150362517
117,BAO KT,Min,-0.0041948611019198235,-0.006025580907685551,-0.0016995189716075177,7.583154739068692e-05,-7.99496142664023e-07,-4.0222927719398267e-05
119,BAO KT,Max,-0.0001571693097777587,0.003238371393075405,-0.0006570929449316956,0.0002995184582641173,6.809524574129139e-05,0.00016648372689499432
119,BAO KT,Min,-0.004041731077048515,-0.005821901423260263,-0.0017874753818004092,8.166526281196354e-05,-2.6933395091392016e-06,-3.963026740265335e-05
121,BAO KT,Max,0.0018741374145158447,0.0009143025023984727,-0.0015957815291198117,4.924484409383101e-05,8.38614615638655e-05,0.00015763788866765874
121,BAO KT,Min,-0.0016349027213109625,-0.0072511080806895375,-0.0035039331506387067,5.4706827754627585e-06,1.721848551072609e-05,-4.066439542541957e-05
123,BAO KT,Max,0.0018736917198589724,0.0009327534439060657,-0.0016213262534742962,5.175369097300823e-05,9.674509959327918e-05,0.00015775236716106432
123,BAO KT,Min,-0.0014833174577630697,-0.007057945347585406,-0.0036336102775308627,6.530471037995362e-06,1.967214359959859e-05,-4.057550864601456e-05
125,BAO KT,Max,0.005146857691113556,0.0010102108434290708,-0.00254298107223646,0.00022059206597129581,3.051604856586124e-05,0.00015775371618170447
125,BAO KT,Min,-0.0015635161546744803,-0.008845099429696388,-0.005518245341916871,-4.738212861865696e-06,4.364846893362198e-06,-3.974154840167688e-05
127,BAO KT,Max,0.004323063587427063,0.0010102916387934409,-0.0024891842941497638,0.00024420935080018746,6.0242642226777086e-05,0.00015726090770229304
127,BAO KT,Min,-0.0013645403251460696,-0.008230481238112644,-0.005374577665770969,1.1670984041061318e-05,2.6244117177095387e-05,-3.9571317239487885e-05
129,BAO KT,Max,0.0035037204447639432,0.0010103995237893627,-0.0023052281918786582,0.00015766596517744578,6.871330565062744e-05,0.00015697226119221422
129,BAO KT,Min,-0.0012313126574694279,-0.007615857302728667,-0.004893777303371116,-2.365727465946137e-05,3.193372058844907e-05,-3.949682099923294e-05
131,BAO KT,Max,0.002687312230510985,0.0010105716374348415,-0.0019923822375189863,0.00021820190944135947,6.460615086370796e-05,0.0001568457447063553
131,BAO KT,Min,-0.001098341477620019,-0.007001163940989864,-0.004280852451537802,-8.788286633289077e-05,2.06349415303301e-05,-3.952470097114385e-05
133,BAO KT,Max,0.0009411301860532257,0.0012428627370935812,-0.0016242095447176045,0.0001686868861404272,4.670414170747911e-05,0.0001574417817970424
133,BAO KT,Min,-0.0008278189906336312,-0.0056881489708636886,-0.0035609885281670433,-6.026508132612842e-05,9.064203847803937e-06,-4.0069312074663e-05
135,BAO KT,Max,1.6823679525828532e-05,0.0018745301998582867,-0.0014534448245919673,7.877191706865101e-05,3.862563032731888e-05,0.00015838927133161157
135,BAO KT,Min,-0.0017157112085269858,-0.0050809011297113975,-0.0031957148423813926,-1.4933664419104337e-05,1.0214690287509691e-05,-4.0417602581895815e-05
137,BAO KT,Max,-4.0128493406627573e-07,0.0025076068969440563,-0.0011893321455867828,0.00018743739850709165,3.381224298255677e-05,0.00016021562684422178
137,BAO KT,Min,-0.0026098176019001603,-0.005081727119179237,-0.002713107800527643,-7.041205487862758e-05,1.6589738465311633e-06,-4.065199487718612e-05
139,BAO KT,Max,0.00018331412048597424,0.003157871328133632,-0.0006542967522073166,0.0003195048747974592,2.9053664835556756e-05,0.00016672239422561296
139,BAO KT,Min,-0.0035940642835868733,-0.00518426592393058,-0.0019610809898012644,9.575196669519005e-05,-1.39141899868967e-05,-3.781658300187364e-05
141,BAO KT,Max,0.0003322784043699313,0.0031271403594321802,-0.000668712126804513,0.00032205849577741165,2.8723858855584676e-05,0.00016345887330348224
141,BAO KT,Min,-0.003441220707335475,-0.004975810184980042,-0.0019895177648628862,0.00010168091327754486,-1.8747410230905715e-05,-3.6943727117212674e-05
143,BAO KT,Max,0.001873098382633937,0.0010019829242126756,-0.0016906742688293282,5.7461273575426125e-05,6.368291295320482e-05,0.0001574610632441202
143,BAO KT,Min,-0.0010400502541303485,-0.006482551965722361,-0.003974823538782398,9.071808017630085e-06,1.3800149617685945e-05,-4.0208592280265426e-05
148,BAO KT,Max,0.0018724889983813165,0.0010194485881128215,-0.0017073940309793485,5.9480329263831796e-05,5.356745460669146e-05,0.00015739249708086325
148,BAO KT,Min,-0.0008886546702277111,-0.006289554425488821,-0.0040497162624378805,1.009952938082867e-05,4.396366987542287e-06,-4.013484464713746e-05
150,BAO KT,Max,0.005141252135563004,0.001096646584248193,-0.0025786360807214955,0.00020531255871320269,8.03268061193668e-06,0.00015720076778444515
150,BAO KT,Min,-0.0009648997146689207,-0.008081102091365172,-0.005596087046271273,-2.493923599399479e-05,-3.969613913936747e-05,-3.930806470416362e-05
152,BAO KT,Max,0.0043194925746223274,0.0010967236242988509,-0.0025739651350661498,0.00023642331860874056,1.5327872685335387e-05,0.00015680084366136946
152,BAO KT,Min,-0.0007680497890044369,-0.00746625345673475,-0.005541414308970562,4.01265219229416e-06,-3.954616259063207e-05,-3.9204703082845266e-05
154,BAO KT,Max,0.0035012976217388336,0.001096808350214087,-0.002395946029761538,0.0001641172501979002,1.5499151254265018e-05,0.00015656668059729878
154,BAO KT,Min,-0.0006357264895152834,-0.006851134072343314,-0.005077665502053918,-2.73163130344098e-05,-3.995560020393739e-05,-3.9172837982483856e-05
156,BAO KT,Max,0.002685419923801882,0.001096911936237583,-0.0020544598958181733,0.00023148244489863928,9.776087784501986e-06,0.00015646007373574958
156,BAO KT,Min,-0.0005034411240304625,-0.006235548149282958,-0.0044542853269977905,-8.832857085046711e-05,-3.8962611670743634e-05,-3.9217760739686144e-05
158,BAO KT,Max,0.0009399579438488099,0.0011233120940571722,-0.0016587176914651604,0.00017485735165577755,3.260720537605246e-06,0.00015684854097251091
158,BAO KT,Min,-0.00023607763749927658,-0.004917853912120632,-0.0036703121184008167,-6.283600630742671e-05,-5.047483777383617e-05,-3.9748606351674714e-05
160,BAO KT,Max,0.0003415689693827074,0.0017555716228997613,-0.001489736947220237,8.02158601154158e-05,3.1081478341921562e-06,0.0001574288677845354
160,BAO KT,Min,-0.0011239341000659096,-0.004282792228342758,-0.003268871660349583,-1.3441602193209078e-05,-5.538998521550234e-05,-4.017925955095629e-05
162,BAO KT,Max,0.0005838029589528429,0.002390718761336906,-0.0012129690681678949,0.0001914881051637741,2.8966702281992706e-06,0.00015827802989760553
162,BAO KT,Min,-0.0020165276089399997,-0.004277709625145853,-0.002788237533453871,-6.97625802893132e-05,-4.9209155443495006e-05,-4.084424850482226e-05
164,BAO KT,Max,0.0007675538500460943,0.003050979925002573,-0.0006718298249360784,0.0003262114770988441,4.446005650479646e-06,0.00015948771350916062
164,BAO KT,Min,-0.002993831140693235,-0.00437084906327995,-0.001992625530890344,0.00010957559521276827,-2.452619621176139e-05,-4.155839787147205e-05
166,BAO KT,Max,0.0009151710572042162,0.003012573661141313,-0.0006891748808129031,0.0003249627335557313,7.115180979339032e-06,0.0001579915615834
166,BAO KT,Min,-0.0028409488654686124,-0.004170820243579137,-0.0019907615548364396,0.00011105069705344403,-1.2659363089038565e-05,-4.4536831728234186e-05
170,BAO KT,Max,0.0018714563289926062,0.0010883533452369883,-0.001735898748300745,6.237555830017073e-05,6.876407639081538e-06,0.00015682070077644003
170,BAO KT,Min,-0.00044585630487853074,-0.005715228012679141,-0.00415303728852676,1.1832546361225137e-05,-2.0479355433379677e-05,-3.984486955573348e-05
172,BAO KT,Max,0.0018707026251746917,0.0011054689701213351,-0.0017382255444819566,6.336858838720302e-05,7.481653774570566e-06,0.0001565803697421652
172,BAO KT,Min,-0.00029459824237449556,-0.005522961262089725,-0.00415222463316126,1.248888431994459e-05,-1.6235531835361798e-05,-3.976006512570417e-05
174,BAO KT,Max,0.005134420620427033,0.0011826779551847074,-0.002584733960495121,0.00020141413463651043,6.088694552335722e-05,0.00015645664453199513
174,BAO KT,Min,-0.0003659361700487915,-0.007319575273040375,-0.005601291350143584,-3.027644976258295e-05,-6.937051879096144e-07,-3.882143176119561e-05
176,BAO KT,Max,0.004315156973804392,0.0011827622422784607,-0.0025866065796730235,0.00023586335262728802,6.640175344663924e-05,0.00015619378855941265
176,BAO KT,Min,-0.00017140890297640655,-0.006704585267673056,-0.005564790591377268,4.441083371418855e-06,2.0387009647959904e-08,-3.8792575943350985e-05
178,BAO KT,Max,0.003498288064445466,0.001182856817550288,-0.0024054514189888816,0.00016719929030812586,6.265152820241286e-05,0.00015602253404502567
178,BAO KT,Min,-4.012485546432817e-05,-0.006089194605564816,-0.005094626456240402,-2.0960826554061553e-05,-6.4730867787423134e-06,-3.880132213193523e-05
180,BAO KT,Max,0.0026830304050272174,0.0011829861944179622,-0.0020522887600078824,0.00023600002888335606,5.077276831123967e-05,0.0001559269043517552
180,BAO KT,Min,9.130932569878915e-05,-0.005473157915018727,-0.004411128240092333,-8.063849377068944e-05,-2.353106749065673e-05,-3.8856161702700867e-05
182,BAO KT,Max,0.0009384770904413572,0.0011835962754817402,-0.0016492304232839535,0.00016843427426668027,5.14676706766603e-05,0.00015604750821396644
182,BAO KT,Min,7.5030156334473e-05,-0.004153219414912883,-0.0036213189822863778,-6.414033109459051e-05,-2.04990324077896e-05,-3.9344796777216804e-05
184,BAO KT,Max,0.0009301258850111805,0.0016347998640305027,-0.0014823657614319021,7.948235790967676e-05,5.4975607688274126e-05,0.00015629316868854374
184,BAO KT,Min,-0.0005324670877093551,-0.0034946671802986696,-0.003254800721548073,-1.2889560877543735e-05,-8.573130844671378e-06,-3.9767447337700554e-05
186,BAO KT,Max,0.0011675017970893234,0.0022649946379088987,-0.001209330314371719,0.0001895339358401421,4.395636730898239e-05,0.0001565986591758511
186,BAO KT,Min,-0.0014230815515433649,-0.0034889072821822596,-0.0027556553471540187,-6.871836640877447e-05,-2.0793624189517607e-05,-4.049116464301084e-05
189,BAO KT,Max,0.0013437074291220486,0.0029126363951231383,-0.0006959526388212482,0.00032015033997217585,2.3114919209105353e-05,0.0001568748399358194
189,BAO KT,Min,-0.0023938410357541816,-0.003581921274921291,-0.0019665892012636172,0.00010008869767818586,-3.061867671133567e-05,-4.2239369763180036e-05
193,BAO KT,Max,0.001490064156889296,0.002877613997181736,-0.0007023269090671285,0.000318388411245526,1.9041786050226648e-05,0.00015620510337080307
193,BAO KT,Min,-0.002241114719255928,-0.003384834452280524,-0.0019359027695378542,9.955988189881182e-05,-3.1953363316520326e-05,-4.09819012228534e-05
195,BAO KT,Max,0.0018693511904774498,0.0011744932320520178,-0.001729698782618219,6.36223997949883e-05,2.6379877744280212e-05,0.00015584659182130584
195,BAO KT,Min,0.00014790509564786223,-0.004951706503474778,-0.004113206402419089,1.294489156520177e-05,-3.475560783092013e-05,-3.9451645490015035e-05
197,BAO KT,Max,0.0018685196464768474,0.0011917432067853,-0.0017219199752196096,6.392962220173401e-05,2.3438684418818564e-05,0.00015557137799620922
197,BAO KT,Min,0.00017244812791917646,-0.004760476833926699,-0.004061617365600865,1.325284009481482e-05,-4.147244297103639e-05,-3.9243859851168846e-05
199,BAO KT,Max,0.005126849558503737,0.001268252782785427,-0.002588055349229115,0.00020109409169029823,6.20673953696099e-06,0.0001556076350729158
199,BAO KT,Min,0.0002331421120815802,-0.006561260417664116,-0.0055968397354678075,-3.108250312442505e-05,4.4745757782278584e-07,-3.8306958075503246e-05
201,BAO KT,Max,0.004310349363125869,0.0012683637043965973,-0.002586930770727107,0.00023654303034062024,3.747530911642069e-06,0.00015551079101209703
201,BAO KT,Min,0.0003993211909725454,-0.0059462204454901885,-0.005561813663670073,6.845637533684189e-06,3.028664524711349e-07,-3.835371791733008e-05
203,BAO KT,Max,0.0034949409410330937,0.0012685132168451148,-0.002399318220707912,0.00017031242430379432,-1.4585793633673873e-07,0.00015542465410209528
203,BAO KT,Min,0.00032548508923027457,-0.0053307729370306225,-0.005080294094562149,-7.561711160728846e-06,-5.721709458796622e-06,-3.8387439793553805e-05
205,BAO KT,Max,0.0026804643194586874,0.0012686591864137149,-0.0020298776536633156,0.00024276133222593088,-3.7599447375094676e-06,0.00015539426126527973
205,BAO KT,Min,0.00025160191610848655,-0.00471473751619828,-0.004253197630584028,-4.8046962494131874e-05,-2.9629170948493653e-05,-3.840799934289941e-05
207,BAO KT,Max,0.001332477040508609,0.0012696265431826545,-0.0016298685528979592,0.00013703415950128687,-2.646098335555211e-06,0.00015528889597492642
207,BAO KT,Min,7.500042143762955e-05,-0.003394417929465635,-0.0034940977596862946,-7.014504008479648e-05,-2.381261483138228e-05,-3.874858666181694e-05
209,BAO KT,Max,0.0015188506696545158,0.0015182805048433458,-0.0014732245138084266,7.976922572357505e-05,-1.294178145006598e-07,0.00015528742892872353
209,BAO KT,Min,-2.6197575817907634e-05,-0.0027151035192977064,-0.0032380416730880914,-1.129732223812755e-05,-1.1937579616318069e-05,-3.896919571041561e-05
211,BAO KT,Max,0.0017517723198495739,0.0021483169344174114,-0.0011762215010074674,0.00019524954096525717,-5.676746008913525e-06,0.00015530526501573205
211,BAO KT,Min,-0.000948302849777001,-0.0027096848379787562,-0.002591470163302099,-2.9719529309427693e-05,-3.374113257096553e-05,-3.9156666863744376e-05
215,BAO KT,Max,0.0019181457300612072,0.002795131398125786,-0.0006596492130252818,0.0003174704732460764,-1.1681867534495325e-05,0.00015550067912128458
215,BAO KT,Min,-0.0018723093632926609,-0.0028019039247636824,-0.0017112639579355666,9.517223391509479e-05,-8.268855177189768e-05,-3.877520849989413e-05
217,BAO KT,Max,0.0020647883286517604,0.002764670093322702,-0.000651857366014569,0.00031646705542474706,-9.67369756388574e-06,0.00015468395660457186
217,BAO KT,Min,-0.00186969407430526,-0.002606454257734477,-0.0015954645546758543,9.48318276142833e-05,-7.540040330787694e-05,-3.8319840514471835e-05
219,BAO KT,Max,0.0018670141611164552,0.001260033412908785,-0.0016900554723717949,6.314593329637213e-05,-3.9139107723877425e-06,0.00015478717121743339
219,BAO KT,Min,0.00017258047298661583,-0.004192897936987384,-0.0038274265193433943,1.3001984875846648e-05,-7.48792514305288e-05,-3.888736621868309e-05
221,BAO KT,Max,0.0019079047553576618,0.0012773928533019083,-0.0016774463562141985,6.325278282632928e-05,-4.322210909906828e-06,0.00015448447986510176
221,BAO KT,Min,0.0001723290121722456,-0.0040027433728126935,-0.0037230267484438533,1.3128129396451796e-05,-6.603443914535544e-05,-3.861522287256901e-05
223,BAO KT,Max,0.0055283193104303414,0.0013531745741388298,-0.0025939857230312187,0.000201728088955255,2.562545609013726e-05,0.000154734703736283
223,BAO KT,Min,0.0004722130638891166,-0.005806314419551824,-0.005606427730246747,-3.0443663485054095e-05,-4.828120506321171e-05,-3.7820102698214936e-05
225,BAO KT,Max,0.0047517746578597825,0.001353347349798129,-0.002591873578959381,0.00023692921806377326,2.7487529634041353e-05,0.00015480577317816482
225,BAO KT,Min,0.00039870539874972027,-0.005191271967801554,-0.00556897582689952,7.423995418301324e-06,-5.49540425343999e-05,-3.793653050712078e-05
227,BAO KT,Max,0.003975339961927687,0.0013537178941447603,-0.0024011585570798254,0.000171983740636117,2.6784446531460512e-05,0.0001547710618659058
227,BAO KT,Min,0.0003251355360059207,-0.004575805590185861,-0.005082503716970937,-2.396661944328788e-06,-5.4788183765204765e-05,-3.800615484237392e-05
229,BAO KT,Max,0.0031995058445961374,0.0013544809053763112,-0.002018420417721361,0.0002494511565693027,2.5470084168691312e-05,0.00015470907875653872
229,BAO KT,Min,0.0002515134511573289,-0.0039596695956013025,-0.004215216771573119,-2.70795879040033e-05,-4.826374553440848e-05,-3.8035199801891704e-05
231,BAO KT,Max,0.0019240358913805826,0.0013553604354998047,-0.0016173584910292647,0.00011718143611975694,2.7885641851094655e-05,0.00015445410865787057
231,BAO KT,Min,7.506344663058657e-05,-0.002640268902527658,-0.0034746570452248394,-7.759496781577301e-05,-5.180067052570097e-05,-3.821231362786685e-05
233,BAO KT,Max,0.002107619822635436,0.0014056350328413925,-0.0014766136474046094,8.09811331020296e-05,2.8643566462707006e-05,0.00015433344394803403
233,BAO KT,Min,-2.531798775283222e-05,-0.0019427719914724528,-0.0032443602000418164,-1.0636356633074256e-05,-5.59329633249596e-05,-3.823687134034625e-05
235,BAO KT,Max,0.0023361046114212594,0.002036391354841112,-0.0011582017779450471,0.00020308176461824695,2.8099020488235413e-05,0.00015407599783005916
235,BAO KT,Min,-0.000943949529379885,-0.0019382283800861828,-0.0025185441609762455,-5.206741902768101e-08,-4.892805720941086e-05,-3.8150760479804637e-05
237,BAO KT,Max,0.0024941067382333484,0.0026829055377679554,-0.0006094957119813875,0.00031291647197128714,1.3280956215450501e-05,0.00015424044081204004
237,BAO KT,Min,-0.0018614361592826326,-0.002030868265386142,-0.0013744852179774004,8.586588475667021e-05,-2.5075560801931978e-05,-3.7276210429425045e-05
239,BAO KT,Max,0.002641716759755997,0.002656524703424167,-0.0006169227771333938,0.000309801044823193,5.644983260370042e-05,0.00015333596588983344
239,BAO KT,Min,-0.001859036404189613,-0.0018344063247080257,-0.0014358504298181767,8.8433189487106e-05,-2.4420371021584466e-06,-3.750044114515811e-05
241,BAO KT,Max,0.0023484108217181904,0.0013447312630201634,-0.0016335817737513103,6.258139252890549e-05,1.2849097445535013e-05,0.00015578490899608276
241,BAO KT,Min,0.00017237309365494784,-0.003438803757740386,-0.0035597755078751753,1.2499507704176247e-05,-3.0485689313740765e-05,-3.724439360722639e-05
243,BAO KT,Max,0.002499162947470256,0.0013683807232843465,-0.0016336067896770392,6.137046564623037e-05,4.6312621375985266e-05,0.00015426572788500666
243,BAO KT,Min,0.00017234416304704614,-0.0032454363542964238,-0.0036073685978858447,1.2204459004285701e-05,-1.4827372164903503e-05,-3.7685932164002166e-05
245,BAO KT,Max,0.006118348817217947,0.0014371828933184157,-0.00258857166315793,0.0002053762762165187,4.3347885971305506e-05,0.0001539769827367883
245,BAO KT,Min,0.0004712716080937967,-0.005054447002332667,-0.005601874770745047,-2.5219044528043003e-05,-2.9089030617292788e-05,-3.7390774843791186e-05
247,BAO KT,Max,0.0053429383105495255,0.0014373004294528846,-0.002579492886227516,0.00023801071765078402,4.329272506452405e-05,0.00015418628627376677
247,BAO KT,Min,0.0003981068440881865,-0.004439503840989213,-0.0055472516147334,6.909693915465088e-06,-3.6683255571369177e-05,-3.7564654920099904e-05
249,BAO KT,Max,0.004566950740542825,0.0014374872882234103,-0.002393039057723942,0.00016934948321409928,4.393861943594213e-05,0.00015417880912711976
249,BAO KT,Min,0.0003247962163277307,-0.003824293525266949,-0.005063675670275195,-1.3558502123146796e-05,-3.6038971066458265e-05,-3.767459479236879e-05
251,BAO KT,Max,0.0037913158780473605,0.001437727390478568,-0.002024391596501072,0.0002417813289983279,4.578450896541788e-05,0.00015403969506049697
251,BAO KT,Min,0.00025139103772127625,-0.0032087636513347326,-0.0043060220002616315,-6.427778086971756e-05,-2.7669041798297403e-05,-3.774059437497499e-05
253,BAO KT,Max,0.0025156643237107834,0.0014381812116602405,-0.0016322300980935688,0.0001506505338150941,5.613491724994426e-05,0.00015374304811758443
253,BAO KT,Min,7.525192494132643e-05,-0.0018908829619833293,-0.0035593810760319302,-7.340528799877642e-05,-2.4724848741846128e-05,-3.775933212288438e-05
255,BAO KT,Max,0.002696418631544572,0.0014387482598844084,-0.0014841957900918821,7.970491210862248e-05,5.877251298982812e-05,0.00015355438463404843
255,BAO KT,Min,-2.409790499056125e-05,-0.0011884033565472396,-0.003255620778439339,-1.185322149138937e-05,-2.7070148651446014e-05,-3.765098498664846e-05
257,BAO KT,Max,0.0029208843250026215,0.0019243254831042785,-0.00118943500329189,0.00019189308222965532,5.9265685805587676e-05,0.00015314868543938624
257,BAO KT,Min,-0.0009397835647114906,-0.0011746512079917474,-0.0026683092383548946,-4.826107518413637e-05,-1.792661522290684e-05,-3.745638822281052e-05
259,BAO KT,Max,0.0030739315368459637,0.002569043995751938,-0.0006973347439672489,0.00030486428351701874,6.817654604165443e-05,0.00015227663225441694
259,BAO KT,Min,-0.0018519633040317727,-0.0012699520685522246,-0.0017500719288539345,9.343993801508117e-05,9.083000776849387e-06,-3.677166816779487e-05
261,BAO KT,Max,0.0032218698085625507,0.0025425630070872083,-0.0007109830067443543,0.00030251333580927765,6.672827754705568e-05,0.00015230378006447754
261,BAO KT,Min,-0.0018499468487491323,-0.0010745969066656691,-0.00183776445023313,9.297161989724728e-05,6.7114580129607714e-06,-3.6921298209674844e-05
263,BAO KT,Max,0.0029404399368130867,0.001425064912351654,-0.001671356264553386,5.912440192412397e-05,6.216066083362915e-05,0.00015421887791417324
263,BAO KT,Min,0.00017289539242705535,-0.002689438215742309,-0.003865210297885932,1.1362313100849952e-05,-6.249988996231179e-06,-3.701253747424644e-05
265,BAO KT,Max,0.003091308520348936,0.001450584459501784,-0.0016764908717527877,5.798461083898562e-05,5.8728595470107865e-05,0.00015395351733777385
265,BAO KT,Min,0.0001727777058659816,-0.002496147102529281,-0.003945941019832465,1.061591541536955e-05,-8.54181476301778e-06,-3.698722429533737e-05
267,BAO KT,Max,0.006709218409561386,0.0015205644204519123,-0.0025460343844051552,0.0002195949877115819,-1.4016698662578254e-05,0.00015347248748065644
267,BAO KT,Min,0.0004704512821136735,-0.004304747531611643,-0.00551680264334385,-4.294646303518816e-06,-3.031739945461499e-05,-3.7027142709198106e-05
269,BAO KT,Max,0.005934361533792775,0.0015206252833800517,-0.0024936870330939547,0.0002445421353873224,-2.8645936036199388e-05,0.00015376331293596345
269,BAO KT,Min,0.0003975765185524976,-0.0036899362382329676,-0.00537930253875219,1.1082894990350828e-05,-5.953965080375477e-05,-3.7242299472555797e-05
271,BAO KT,Max,0.00515873826688904,0.0015206535981677682,-0.0023072490966210657,0.00016114533421974397,-3.028686958316411e-05,0.00015378952171571578
271,BAO KT,Min,0.0003245809121491094,-0.003075032586020234,-0.004885864908704175,-2.6462244101138647e-05,-6.489268442062563e-05,-3.7376405511429946e-05
273,BAO KT,Max,0.004383481128349886,0.0015206121438270143,-0.0019816303251643285,0.00022444531850506858,-1.3990101068600768e-05,0.00015368517855123543
273,BAO KT,Min,0.00025146529921483117,-0.002460114187605056,-0.004303338350553176,-9.247977782471143e-05,-4.3295420147157704e-05,-3.743156390548636e-05
275,BAO KT,Max,0.0031072117310079594,0.0015206594638736955,-0.0016134651969572705,0.00017298368516307312,-5.894124444451644e-06,0.00015336604768595915
275,BAO KT,Min,7.529614273630999e-05,-0.0011439925535821022,-0.003586294117071425,-6.683567927532084e-05,-2.901093045299114e-05,-3.732170882964884e-05
277,BAO KT,Max,0.003285380976504128,0.0015209577820765423,-0.001453810941058884,7.629153323499805e-05,-7.051466514225348e-06,0.0001530691424727361
277,BAO KT,Min,-2.275549939735084e-05,-0.0004425622091230866,-0.0031854791827517328,-1.3870021420793712e-05,-3.458198455941121e-05,-3.717461505545991e-05
281,BAO KT,Max,0.0035064712566530154,0.0018151131262337406,-0.0011841394007532573,0.00017893548246698335,5.448422343861397e-06,0.00015261365325123827
281,BAO KT,Min,-0.0009357391935937534,-0.0004146321170637829,-0.0027210415259740954,-7.150426822722831e-05,-2.0411714457965603e-05,-3.69314147006267e-05
283,BAO KT,Max,0.003655641267336559,0.0024589635295510833,-0.0007376558824264242,0.0002982034518086036,1.0235002709075324e-05,0.00015245837650722105
283,BAO KT,Min,-0.0018448393625775275,-0.0005109475120627794,-0.0019717866030022147,9.640861427644633e-05,-3.134536985730005e-06,-3.5874792076118496e-05
285,BAO KT,Max,0.003804174008699091,0.0024369261159572176,-0.0007350894021663527,0.00029287270944210024,1.1337840969018873e-05,0.00015229519742556238
285,BAO KT,Min,-0.001843443266873981,-0.0003156401371837332,-0.0019743971226656083,9.399677562545358e-05,-6.182007639412934e-06,-3.6317224859491525e-05
287,BAO KT,Max,0.003533007179927642,0.001507474254322523,-0.0016790682242524071,5.4663881297035716e-05,5.0111814261345086e-06,0.00015381993899140836
287,BAO KT,Min,0.0001731921207906832,-0.0019415766264957246,-0.004041404760165108,8.784604842774467e-06,-1.878568048312926e-05,-3.6461006076311724e-05
289,BAO KT,Max,0.003684037247211327,0.0015332413317024624,-0.001665054586195992,5.286882846766266e-05,-2.27232367703352e-06,0.0001535714272926479
289,BAO KT,Min,0.00017303550739836279,-0.0017486473128798443,-0.004030971240079985,7.757105393855868e-06,-2.5493549991513458e-05,-3.657092285559587e-05
291,BAO KT,Max,0.007301229825637525,0.0016037141685496113,-0.002454549061317876,0.000256572026147912,-2.088981539900296e-05,0.0001532646694955458
291,BAO KT,Min,0.00046976695334141605,-0.003962185610651693,-0.005310918220867388,3.1981628427303174e-05,-8.274221065945807e-05,-3.675538462444873e-05
293,BAO KT,Max,0.0065260826750073945,0.0016037892851284486,-0.0022673215833450625,0.0002645455661622143,-5.5252176736010076e-05,0.00015357517311474875
293,BAO KT,Min,0.0003971049385250712,-0.0033478629577213324,-0.004922095701318269,2.991044709424608e-05,-0.00014459762979294736,-3.698520722197604e-05
295,BAO KT,Max,0.005750741071559576,0.0016037613992999373,-0.002059373061300098,0.00014692741351794874,-6.058512856846099e-05,0.00015358755395078716
295,BAO KT,Min,0.0003244676581245543,-0.0027336711702351385,-0.00436878353906486,-2.755343190207217e-05,-0.00015651554659346756,-3.714924359403039e-05
297,BAO KT,Max,0.004975981443570084,0.0016036253166558925,-0.0018114408119602808,0.00018428781755988196,-4.229103500058994e-05,0.0001534790172801891
297,BAO KT,Min,0.00025162997957155236,-0.0021196413248009195,-0.003950229333338139,-0.00011112287899214522,-0.00012128802070328079,-3.7226117170097916e-05
299,BAO KT,Max,0.003698887234895888,0.0016035515568276649,-0.001482174361641625,0.00018130843326114368,-3.637560403281656e-05,0.0001531628119122358
299,BAO KT,Min,7.530801411685703e-05,-0.0008052390936029283,-0.003307305584452308,-4.621581256076997e-05,-0.00011473063933018055,-3.696109211528682e-05
301,BAO KT,Max,0.003874776713448968,0.001603786686531947,-0.0013018495007032808,6.975901508429514e-05,-4.0211510405735104e-05,0.00015279005947469658
301,BAO KT,Min,-2.183032816632395e-05,-0.00010444190758420317,-0.002861858511932042,-1.667735041462162e-05,-0.00012990326103561254,-3.680261872360294e-05
304,BAO KT,Max,0.004093032961946769,0.0017632221885069384,-0.0010903282789261161,0.0001503685196125931,-2.4493393857488667e-05,0.00015230276196954282
304,BAO KT,Min,-0.0009322345916523318,0.0002601946483927904,-0.0025078209696949845,-8.6168835491997e-05,-0.00010071014078907684,-3.6622096351301465e-05
308,BAO KT,Max,0.004239828283206246,0.002399332452052782,-0.0007399261956052886,0.00027327965289637376,-1.5367245871987757e-07,0.00015175669259067908
308,BAO KT,Min,-0.0018394506471937134,0.000246183612388194,-0.0019489579332910647,8.675238113787385e-05,-2.768280806411906e-05,-3.598531251817509e-05
310,BAO KT,Max,0.00438900043847387,0.002390751787944679,-0.0007378622056708927,0.0002644575185268458,2.9737498383391263e-06,0.00015160454795156277
310,BAO KT,Min,-0.0018383625746302649,0.00027103265920800816,-0.0019206103220578742,8.057376146126823e-05,-1.8592784635207343e-05,-3.6592989603579744e-05
312,BAO KT,Max,0.004126269487065121,0.001590330484965426,-0.0016048840176866484,4.7795447903887854e-05,-1.815727847891485e-05,0.00015349813971731716
312,BAO KT,Min,0.0001733842547958995,-0.0014871498498124493,-0.0038921684430723515,5.306402888497144e-06,-5.654209494386915e-05,-3.613310071075201e-05
314,BAO KT,Max,0.004277518421276639,0.0016160792780450211,-0.0015797497889244454,4.605045678707383e-05,-1.7014558886201258e-05,0.00015330208775886776
314,BAO KT,Min,0.000173235156604226,-0.0015243525267172042,-0.003818535949132465,4.303783518623431e-06,-5.7211836056739984e-05,-3.6365455868969637e-05
316,BAO KT,Max,0.00789461110626836,0.0016868861439255675,-0.002378894424451142,0.00030000971712370466,5.04027005729496e-05,0.0001533587473525748
316,BAO KT,Min,0.00046931464464631634,-0.0041232634962171935,-0.005125034088045506,6.148607525070735e-05,-1.703594140040595e-05,-3.6669855496210525e-05
318,BAO KT,Max,0.007052557384092974,0.001686763524274411,-0.0019946682198578166,0.0002706532725348154,6.100899477497331e-05,0.0001520894206741443
318,BAO KT,Min,0.0003935419917787882,-0.0034563837447841275,-0.004333552696003367,4.7585954236268906e-05,-1.6677754929687333e-05,-3.8064418388971424e-05
320,BAO KT,Max,0.006277525000173815,0.0016866386648813196,-0.001770950560274474,0.00013007226004912065,6.09375415832313e-05,0.00015223925973055166
320,BAO KT,Min,0.0003209541762294276,-0.0028420780680107117,-0.0037458003417260794,-2.360473245984122e-05,-2.2127098368646504e-05,-3.826150340513531e-05
322,BAO KT,Max,0.005503367906261798,0.0016864152694834275,-0.001598999292826105,0.00012858940242085234,5.266459365734951e-05,0.00015208994163529044
322,BAO KT,Min,0.00024803917728753115,-0.0022277812729814593,-0.0034208106548388943,-0.00012095615325235326,-4.266563815485774e-05,-3.8488876961889556e-05
324,BAO KT,Max,0.004306291173769275,0.001686583436281466,-0.0012892891897779994,0.0001598941611336029,6.548256284006342e-05,0.00015175751195217619
324,BAO KT,Min,7.069653489451829e-05,-0.0009121971306801087,-0.002783377490683159,-2.039081919027863e-05,-2.981756150415855e-05,-3.795365368073456e-05
326,BAO KT,Max,0.004481735260646471,0.0016870092565605716,-0.001091537278775179,5.7211073905243516e-05,7.192384291487826e-05,0.00015131091328035332
326,BAO KT,Min,-8.567833248698825e-05,-0.00021102731057569683,-0.002400306812152991,-2.858080728101735e-05,-1.3571552432087948e-05,-3.764485082771905e-05
330,BAO KT,Max,0.004697881417184288,0.001797230474840043,-0.0009411868730221388,0.00010925104035441603,6.205354169821125e-05,0.00015078677416530562
330,BAO KT,Min,-0.0009942380489570072,0.00033207488495463834,-0.002131634464645998,-9.938187765143632e-05,-2.9724981819240518e-05,-3.7477247894731835e-05
332,BAO KT,Max,0.004826571634166922,0.0023530650646316027,-0.0007364461185723058,0.00024025128297563346,1.7838438693963905e-05,0.00015174804924260264
332,BAO KT,Min,-0.001835595447234776,0.0003221808123830113,-0.0017853770638630005,6.679400048660174e-05,-5.701696344498009e-05,-3.571261576713352e-05
334,BAO KT,Max,0.00497644669345644,0.0025385171405860147,-0.0007348312106494009,0.00023722485104943054,2.8157892857808306e-05,0.00015205549045661142
334,BAO KT,Min,-0.001835096512616859,0.00034260759759085216,-0.0017125001141444973,6.319032674199355e-05,-5.200789525597987e-05,-3.6242071884698955e-05
336,BAO KT,Max,0.004720464069500617,0.0016735580443314722,-0.0015175369071312996,4.323976237756022e-05,1.3396965800117657e-05,0.00015346129060466717
336,BAO KT,Min,0.00017353511808613196,-0.0016472682113753165,-0.0035481019155601122,2.591428120237794e-06,-7.314279671790687e-05,-3.6021434907462555e-05
338,BAO KT,Max,0.004871974206732342,0.0016989480993492736,-0.0015127401630741916,4.2651000860261964e-05,3.246253874255594e-05,0.0001533958697940925
338,BAO KT,Min,0.00017336537673513463,-0.001684558764140085,-0.0034562172001588684,2.282340985843334e-06,-6.485336714565727e-05,-3.6450602473337026e-05
340,BAO KT,Max,0.004661847367105268,0.0016926711633439618,-0.0009539755179514785,0.00011495208238271651,6.555854895003625e-05,0.00015038001389144527
340,BAO KT,Min,-0.0008636230076369974,0.0003324468372721806,-0.002119522813430937,-7.628837733282987e-05,-2.6414354299953828e-05,-3.739292624118989e-05
342,BAO KT,Max,0.0044474634053439325,0.0016871123172821747,-0.0011105163353451863,7.072301981588874e-05,7.12616901632622e-05,0.0001510655539258506
342,BAO KT,Min,-1.6781057261995595e-05,-0.0003158419815366003,-0.002457341539753714,-1.0677214124960177e-05,-1.4313507893954634e-05,-3.754949161383528e-05
344,BAO KT,Max,0.0042742469244205225,0.0016867641790942701,-0.0013110538484785096,0.00018505463441339455,6.181667735565542e-05,0.00015157816956185336
344,BAO KT,Min,8.018343454310544e-05,-0.0010170546296684774,-0.002889158316846925,-1.4832426025958085e-05,-3.4869998701980545e-05,-3.772003026007691e-05
346,BAO KT,Max,0.005633022129772086,0.0016866694214620202,-0.001616329336055898,0.00014169189175283615,5.502678290540517e-05,0.0001519852597673341
346,BAO KT,Min,0.0002555789458479406,-0.002332790121534514,-0.0034132035660220657,-0.00010142641764172235,-3.8613973209716175e-05,-3.8112246423688635e-05
348,BAO KT,Max,0.006407399262088531,0.0016868285300271246,-0.0018020970129557802,0.000135098038408693,6.108403216523247e-05,0.00015205339280593188
348,BAO KT,Min,0.00032792440936350306,-0.002947061575380109,-0.003827880741930605,-5.372322233991524e-06,-2.0385875759688098e-05,-3.791877807205153e-05
352,BAO KT,Max,0.007182409974424398,0.0016869412611501366,-0.002044163078244015,0.00029877832772406705,6.00940966289158e-05,0.00015181386002219587
352,BAO KT,Min,0.00040001404831566795,-0.0035613381409293253,-0.004456357006568877,5.945141306730803e-05,-1.7117517908600198e-05,-3.7699233493809526e-05
354,BAO KT,Max,0.008489467182344019,0.0021922378643691367,-0.002395018769898491,0.00024880901848115363,3.7308564519589775e-05,0.00015335062217976437
354,BAO KT,Min,0.0004691832340946575,-0.004285645207273046,-0.005124655308248599,3.251472525251772e-05,-9.658770015594852e-06,-3.694210509653831e-05
356,BAO KT,Max,0.007714459941598558,0.0021918838795614674,-0.0021979231588423512,0.00025678866003968966,8.628872547921934e-05,0.00015356377766093736
356,BAO KT,Min,0.0003967940026767472,-0.0036714855918669772,-0.004727107619846654,3.4180601761408926e-05,3.938589654933127e-05,-3.7068049204751315e-05
358,BAO KT,Max,0.006939566852659045,0.0021910365521867936,-0.0019987292130409016,0.00014055597423024758,9.51144256481849e-05,0.00015360082396139238
358,BAO KT,Min,0.0003245270704951709,-0.003057065412879696,-0.004194894905899863,-5.676517652585626e-06,4.8265346354747366e-05,-3.7238928653563904e-05
360,BAO KT,Max,0.00616537417826964,0.002189590662022843,-0.0017550834094852876,0.00017725417429079415,6.630334460200804e-05,0.000153582637914394
360,BAO KT,Min,0.0002520049459543389,-0.002442343759316256,-0.0036213931653231064,-5.432367138215755e-05,2.943790464837235e-05,-3.728090309192062e-05
362,BAO KT,Max,0.004886571073915735,0.0021865615984972358,-0.0014438057060357726,0.0001235122072750873,5.3730751219397034e-05,0.00015330043909838877
362,BAO KT,Min,7.529443109675899e-05,-0.0011255198133055123,-0.0030526931952212662,-4.598701351768378e-05,2.565741236449745e-05,-3.691855245416215e-05
364,BAO KT,Max,0.005060089611435865,0.0021847517756934565,-0.0012663756701162614,6.64510004795829e-05,6.807342016542366e-05,0.00015287223202426555
364,BAO KT,Min,-2.1516181005434774e-05,-0.000423794017488586,-0.002759450930347803,-1.8100945845728318e-05,3.23209114491333e-05,-3.667197862881718e-05
366,BAO KT,Max,0.005274918104873744,0.0024885563720791503,-0.0010715937538892351,0.00014315082859586153,4.763184175605117e-05,0.0001524808964138673
366,BAO KT,Min,-0.0009280004411672141,0.00027819761033807386,-0.0022671124021034503,-3.569228586989971e-05,2.001235456226516e-05,-3.6311391531565224e-05
368,BAO KT,Max,0.005416449477618731,0.0030913384458525215,-0.000730716725895632,0.0002533659841938958,9.80894241037506e-06,0.00015253855716155593
368,BAO KT,Min,-0.0018344159746093987,0.0003966426130453942,-0.001511936809379823,7.03769801229775e-05,-4.042791423092622e-05,-3.547486685191915e-05
373,BAO KT,Max,0.005567137070340374,0.003281893581393758,-0.0007344187300293905,0.00025454210125119673,1.601823047023204e-05,0.00015261491872757844
373,BAO KT,Min,-0.0018344815198040223,0.0004176965809642462,-0.0014810986027868687,6.888175279521553e-05,-6.220182961334071e-06,-3.6233065135643193e-05
375,BAO KT,Max,0.0053156437057041775,0.002085684485967709,-0.0015315972198806506,4.411139476729485e-05,3.11681572060664e-05,0.00015368731173304824
375,BAO KT,Min,0.00017357149501854771,-0.0018082676259424094,-0.0032565156804563794,2.970876877150583e-06,-3.292828211847706e-05,-3.6233814586572346e-05
377,BAO KT,Max,0.005467400120773237,0.0022892796299039527,-0.0015473959493026179,4.47790196422508e-05,3.868623454921468e-05,0.00015381025011572112
377,BAO KT,Min,0.0001733503795294372,-0.001845821240594338,-0.0032399843609077507,3.0993790144180186e-06,1.1769320205269697e-06,-3.6674990723943444e-05
379,BAO KT,Max,0.009085584376331127,0.0029748480987255863,-0.002391515841867147,0.00020176791344347252,7.750463868099113e-05,0.00015356625864868705
379,BAO KT,Min,0.00046918862264318467,-0.004449019966456968,-0.005057444439608759,-3.262476357639682e-06,-0.00011530076172905717,-3.7038872857073085e-05
381,BAO KT,Max,0.008311051199408979,0.0029746536508753877,-0.002336928765540939,0.00021983703847379415,0.00011062298171023226,0.0001537519079141572
381,BAO KT,Min,0.000396815553237953,-0.0038348209243798483,-0.004929118306225819,1.397360477314163e-05,-8.979851690808983e-05,-3.719222664833224e-05
383,BAO KT,Max,0.007536259067165112,0.002973922992914065,-0.0021803854069495834,0.00014705820224278078,0.00011648478788128042,0.00015383836523553675
383,BAO KT,Min,0.0003245321010755855,-0.003220324975548714,-0.004482660226051816,-7.094375404698555e-06,-7.567348666549342e-05,-3.7448325088167965e-05
385,BAO KT,Max,0.006762138163632312,0.002972565768551284,-0.001866789443142835,0.0002066159228429247,9.124460576695569e-05,0.00015381797636389942
385,BAO KT,Min,0.0002521387632760594,-0.0026049894886187638,-0.003798860095565101,-5.1748015352643825e-05,-7.803369965292181e-05,-3.754287156914808e-05
387,BAO KT,Max,0.005482625671352577,0.0029679153691548428,-0.0015272988063195045,0.00012709022261813132,7.974286188211689e-05,0.00015353352684469701
387,BAO KT,Min,7.509899338635826e-05,-0.0012867781057356185,-0.0031717972855503365,-6.180540150160275e-05,-9.812377059547841e-05,-3.716640829108828e-05
389,BAO KT,Max,0.005655942854006562,0.0029643565465840576,-0.0013613340995353963,6.96059779166891e-05,9.040827864414199e-05,0.0001530480150391679
389,BAO KT,Min,-2.1601192141155693e-05,-0.0005839489384060649,-0.002928037642181233,-1.2105653946611231e-05,-0.00010006832894835432,-3.678568436558331e-05
391,BAO KT,Max,0.0058701733444435624,0.0032339724642900195,-0.0011269683311373481,0.0001574067989777672,7.332940870422727e-05,0.00015253323433550933
391,BAO KT,Min,-0.0009272413303328901,0.00011991975381249973,-0.0024346052147335333,-4.326526623449224e-05,-9.207752031696004e-05,-3.6279710826169474e-05
395,BAO KT,Max,0.006009512819032198,0.00383512871983436,-0.0007722819378343018,0.0002559985808189059,6.272794251711467e-05,0.00015273535661535214
395,BAO KT,Min,-0.0018345472050160178,0.00047168455625945976,-0.0016306697280077517,7.249255614655406e-05,-4.7700113369715546e-05,-3.514558576266182e-05
397,BAO KT,Max,0.0061609841376751425,0.004025824763005004,-0.0007891962433397459,0.00025345125020079717,8.236810499675323e-05,0.000153183465200583
397,BAO KT,Min,-0.0018346295078130925,0.000493045493934026,-0.0017245403256074877,6.924790250921998e-05,-5.288042222541118e-05,-3.55056133596029e-05
399,BAO KT,Max,0.005911742130775674,0.0028675185825957437,-0.001564742683175782,4.916093426547636e-05,6.481303649361334e-05,0.0001548252102435471
399,BAO KT,Min,0.00017345679802109205,-0.001970045154016332,-0.003393744477387098,5.313693419477591e-06,-5.449289945781258e-05,-3.623095164434034e-05
401,BAO KT,Max,0.006063667602460312,0.003073080243212216,-0.0015592687974499268,4.969099591016469e-05,7.915556881350236e-05,0.00015575074686268305
401,BAO KT,Min,0.00017321960533758495,-0.002007672702512936,-0.003479732552096149,5.5249726690948485e-06,-6.116944550950353e-05,-3.641027207642542e-05
404,BAO KT,Max,-0.00018333573940123614,0.0037188448766812127,-0.0002938591171519732,0.0003247118510601516,2.4743290714733906e-05,0.0001676459390387534
404,BAO KT,Min,-0.00563362725931844,-0.0074834367054947845,-0.0012408803807564166,6.509795032274307e-05,-5.198739702829622e-05,-4.937099061141443e-05
407,BAO KT,Max,-0.00018641038345450328,0.0034650783057617192,-0.00037977668001146865,0.00030000797671114456,5.756850496825102e-05,0.00016763804706905477
407,BAO KT,Min,-0.004430439865566977,-0.005944134145838297,-0.0012339427249147535,7.469267892586046e-05,-5.5511679119633895e-06,-4.029412293323979e-05
409,BAO KT,Max,0.00033599629467048666,0.003352068556583597,-0.0003598318306828897,0.0003295349097674641,2.1921016785506903e-05,0.00016475924334365181
409,BAO KT,Min,-0.0038277670281871142,-0.005079486905570932,-0.0013698279054259034,9.352088283657141e-05,-2.7201905140564828e-05,-3.799392290066592e-05
412,BAO KT,Max,0.0015018865736389974,0.0031046565711245764,-0.00040330117109990985,0.0003228259502807695,2.519572353523342e-05,0.00015701824303777315
412,BAO KT,Min,-0.0026154348589690632,-0.0034836673962666876,-0.0013943908036343285,9.609543397836837e-05,-2.9825966842540104e-05,-4.260004636557385e-05
414,BAO KT,Max,0.0020675966969334837,0.002989936702950704,-0.0003444060864435152,0.000314551598883268,2.7287277108263685e-06,0.0001571753988107982
414,BAO KT,Min,-0.0021800536498036327,-0.002704216622191555,-0.001110817232707044,8.44039566766745e-05,-7.177910372664172e-05,-3.8030284263266626e-05
417,BAO KT,Max,0.0032210951428414797,0.002765398072748401,-0.0004236617344173458,0.0003049618927952164,7.035526908053877e-05,0.0001513804683909627
417,BAO KT,Min,-0.002148300740813888,-0.001172712830513325,-0.0012657744369146233,8.840282220357174e-05,1.422059144642602e-07,-3.7065453920084746e-05
419,BAO KT,Max,0.0037999903443790995,0.002656849199013635,-0.0004702668705816533,0.0003235081571851611,3.619479848040018e-05,0.00015167821723462258
419,BAO KT,Min,-0.002144290968529506,-0.0004136481914243048,-0.0013917492788946889,8.859581121348257e-05,-1.3724508738301194e-05,-3.586650107538291e-05
424,BAO KT,Max,0.004970933269982953,0.0026768349758325123,-0.000543717809291795,0.00024497423100169647,3.8555163571623036e-05,0.0001515882321409349
424,BAO KT,Min,-0.0021319388384651106,0.0003319253742194424,-0.0013330596939024543,6.118445144895546e-05,-5.255016763710075e-05,-3.541031526204758e-05
426,BAO KT,Max,0.005559606984166797,0.0034199474041097053,-0.0005176969598572145,0.00025051852973945025,4.649000982651372e-05,0.00015269011938575614
426,BAO KT,Min,-0.0021349968603212887,0.0004069316266091949,-0.001071678484950904,6.024248541330925e-05,-2.414794119892622e-05,-3.533158285044024e-05
2541,BAO KT,Max,-0.00018178515521062084,0.003894689676527344,-0.00019173649276617478,0.0003245760763155024,9.942028655644218e-05,0.00017993422996037645
2541,BAO KT,Min,-0.0062563236448574654,-0.008382105661027867,-0.0010960203223993586,7.700768390673339e-05,-5.4255401725642946e-05,-6.0688519285605705e-05
2545,BAO KT,Max,-0.00018431173035676296,0.003587303454049568,-0.000320099531683961,0.0002990091176784856,7.454826899576303e-06,0.00015893620167827522
2545,BAO KT,Min,-0.005016991820347259,-0.0066819657079389815,-0.001123285058526202,6.05614104266176e-05,-3.231599299479688e-05,-4.351685228931993e-05
2551,BAO KT,Max,0.0009541505022289435,0.0032498924156547874,-0.0003736152783847947,0.0003439101705784012,9.717944772798181e-06,0.00015907027038852313
2551,BAO KT,Min,-0.0032180747669371393,-0.004270499940178314,-0.0013970141137936696,0.00010625857572619167,-3.2191466813140074e-05,-4.5213155681133284e-05
2557,BAO KT,Max,0.0026433347277603743,0.0028804414849865423,-0.00030762802994203047,0.0002944112130549886,4.7561798115952614e-05,0.00015354035218045952
2557,BAO KT,Min,-0.0021657561715800037,-0.001932733703905472,-0.0009396790990099454,7.359226801381662e-05,-3.198661997945577e-05,-3.852587993303623e-05
2563,BAO KT,Max,0.004385029157269772,0.0026048097862554328,-0.0005020487253374578,0.00029676329813565914,3.4202432573614226e-05,0.00015090627532384862
2563,BAO KT,Min,-0.002139297989355989,0.0002608008943988017,-0.0014043208554800116,7.697036495439491e-05,-3.569450142739396e-05,-3.661842339320101e-05
2569,BAO KT,Max,0.006153894742611071,0.004163881991341845,-0.0005190964024405747,0.00025555387563182665,8.188319277482821e-05,0.00015360977168928856
2569,BAO KT,Min,-0.0021406770828531446,0.0004820080954237494,-0.001199457690964898,6.716365474547583e-05,-5.240203687202668e-05,-3.523807821616536e-05
