CatIdx,D_thep_m,t_thep_m,f1_tan,f2_m,is_pareto
1,0.9,0.012,11607.602,0.086923,0
2,0.9,0.012,10903.85,0.060795,0
3,0.9,0.012,10605.321,0.044203,0
1,0.925,0.012,11056.724,0.080721,0
2,0.925,0.012,10328.789,0.056388,0
3,0.925,0.012,10038.967,0.041138,0
1,0.95,0.012,10518.952,0.074895,0
2,0.95,0.012,9764.197,0.052206,0
3,0.95,0.012,9479.603,0.038196,0
1,0.975,0.012,9993.881,0.069421,0
2,0.975,0.012,9209.903,0.048238,0
3,0.975,0.012,8927.248,0.035374,0
1,1.0,0.012,9481.14,0.064275,0
2,1.0,0.012,8665.753,0.044472,0
3,1.0,0.012,8381.934,0.032667,0
1,1.025,0.012,8980.379,0.059437,0
2,1.025,0.012,8131.605,0.040899,0
3,1.025,0.012,7843.695,0.030071,0
1,1.05,0.012,8491.27,0.054886,0
2,1.05,0.012,7607.325,0.037507,0
3,1.05,0.012,7312.572,0.027582,0
1,1.075,0.012,8013.503,0.050605,0
2,1.075,0.012,7092.789,0.034289,0
3,1.075,0.012,6788.606,0.025195,0
1,1.1,0.012,7546.783,0.046576,0
2,1.1,0.012,6587.875,0.031235,0
3,1.1,0.012,6272.121,0.022909,0
1,0.9,0.013,10585.421,0.074961,0
2,0.9,0.013,9823.222,0.052279,0
3,0.9,0.013,9532.574,0.038255,0
1,0.925,0.013,10043.03,0.069311,0
2,0.925,0.013,9250.974,0.048186,0
3,0.925,0.013,8962.778,0.035346,0
1,0.95,0.013,9513.757,0.064013,0
2,0.95,0.013,8689.544,0.04431,0
3,0.95,0.013,8400.53,0.032561,0
1,0.975,0.013,8997.177,0.059043,0
2,0.975,0.013,8138.733,0.040639,0
3,0.975,0.013,7845.825,0.029894,0
1,1.0,0.013,8492.898,0.054378,0
2,1.0,0.013,7598.356,0.037162,0
3,1.0,0.013,7298.666,0.027341,0
1,1.025,0.013,8000.554,0.049999,0
2,1.025,0.013,7068.245,0.033869,0
3,1.025,0.013,6759.067,0.024897,0
1,1.05,0.013,7519.801,0.045887,0
2,1.05,0.013,6548.24,0.03075,0
3,1.05,0.013,6227.041,0.022559,0
1,1.075,0.013,7050.312,0.042023,0
2,1.075,0.013,6038.19,0.027794,0
3,1.075,0.013,5702.608,0.020321,0
1,1.1,0.013,6591.779,0.038392,0
2,1.1,0.013,5537.95,0.024995,0
3,1.1,0.013,5185.785,0.01818,0
1,0.9,0.014,9656.492,0.064883,0
2,0.9,0.014,8831.029,0.044975,0
3,0.9,0.014,8537.473,0.03305,0
1,0.925,0.014,9121.918,0.059714,0
2,0.925,0.014,8261.801,0.041166,0
3,0.925,0.014,7965.171,0.030288,0
1,0.95,0.014,8600.423,0.054875,0
2,0.95,0.014,7703.664,0.037565,0
3,0.95,0.014,7400.9,0.027649,0
1,0.975,0.014,8091.568,0.050341,0
2,0.975,0.014,7156.392,0.03416,0
3,0.975,0.014,6844.631,0.025127,0
1,1.0,0.014,7594.944,0.046092,0
2,1.0,0.014,6619.775,0.030941,0
3,1.0,0.014,6296.343,0.022717,0
1,1.025,0.014,7110.172,0.042109,0
2,1.025,0.014,6093.619,0.027897,0
3,1.025,0.014,5756.026,0.020415,0
1,1.05,0.014,6636.894,0.038372,0
2,1.05,0.014,5577.743,0.025018,0
3,1.05,0.014,5223.67,0.018215,0
1,1.075,0.014,6174.772,0.034867,0
2,1.075,0.014,5071.972,0.022295,0
3,1.075,0.014,4699.272,0.016114,0
1,1.1,0.014,5723.488,0.031576,0
2,1.1,0.014,4576.142,0.019719,0
3,1.1,0.014,4182.827,0.014107,0
1,0.9,0.015,8806.542,0.056312,0
2,0.9,0.015,7915.035,0.038664,0
3,0.9,0.015,7610.48,0.028468,0
1,0.925,0.015,8279.113,0.051564,0
2,0.925,0.015,7348.881,0.03511,0
3,0.925,0.015,7036.367,0.025844,0
1,0.95,0.015,7764.688,0.047124,0
2,0.95,0.015,6794.028,0.031756,0
3,0.95,0.015,6470.702,0.023342,0
1,0.975,0.015,7262.815,0.042973,0
2,0.975,0.015,6250.225,0.02859,0
3,0.975,0.015,5913.434,0.020954,0
1,1.0,0.015,6773.074,0.039087,0
2,1.0,0.015,5717.24,0.025601,0
3,1.0,0.015,5364.519,0.018677,0
1,1.025,0.015,6295.073,0.035447,0
2,1.025,0.015,5194.858,0.022779,0
3,1.025,0.015,4823.922,0.016505,0
1,1.05,0.015,5828.445,0.032037,0
2,1.05,0.015,4682.877,0.020114,0
3,1.05,0.015,4291.615,0.014433,0
1,1.075,0.015,5372.844,0.02884,0
2,1.075,0.015,4181.103,0.017596,0
3,1.075,0.015,4044.303,0.013371,0
1,1.1,0.015,4927.941,0.025842,0
2,1.1,0.015,3689.352,0.015218,0
3,1.1,0.015,4061.012,0.013203,0
1,0.9,0.016,8024.112,0.048968,0
2,0.9,0.016,7065.196,0.033172,0
3,0.9,0.016,6743.581,0.024412,0
1,0.925,0.016,7503.174,0.044592,0
2,0.925,0.016,6502.066,0.029849,0
3,0.925,0.016,6168.167,0.021918,0
1,0.95,0.016,6995.138,0.040505,0
2,0.95,0.016,5950.393,0.026718,0
3,0.95,0.016,5601.564,0.019543,0
1,0.975,0.016,6499.541,0.036685,0
2,0.975,0.016,5409.905,0.023766,0
3,0.975,0.016,5043.694,0.01728,0
1,1.0,0.016,6015.954,0.033113,0
2,1.0,0.016,4880.352,0.020983,0
3,1.0,0.016,4494.493,0.015125,0
1,1.025,0.016,5543.976,0.029771,0
2,1.025,0.016,4361.499,0.01836,0
3,1.025,0.016,4055.175,0.013408,0
1,1.05,0.016,5083.233,0.026643,0
2,1.05,0.016,3853.124,0.015885,0
3,1.05,0.016,4072.999,0.013233,0
1,1.075,0.016,4633.37,0.023713,0
2,1.075,0.016,3474.314,0.014032,0
3,1.075,0.016,4090.822,0.013064,0
1,1.1,0.016,4194.054,0.020969,0
2,1.1,0.016,3492.138,0.013822,0
3,1.1,0.016,4108.646,0.0129,0
1,0.9,0.017,7299.89,0.042623,0
2,0.9,0.017,6273.185,0.028363,0
3,0.9,0.017,5929.99,0.020805,0
1,0.925,0.017,6784.819,0.038573,0
2,0.925,0.017,5712.955,0.025249,0
3,0.925,0.017,5353.647,0.018431,0
1,0.95,0.017,6282.526,0.034794,0
2,0.95,0.017,5164.296,0.022318,0
3,0.95,0.017,4786.423,0.016174,0
1,0.975,0.017,5792.541,0.031266,0
2,0.975,0.017,4626.916,0.01956,0
3,0.975,0.017,4228.222,0.014028,0
1,1.0,0.017,5314.427,0.02797,0
2,1.0,0.017,4100.549,0.016963,0
3,1.0,0.017,4080.44,0.013294,0
1,1.025,0.017,4847.778,0.02489,0
2,1.025,0.017,3584.941,0.014517,0
3,1.025,0.017,4099.378,0.013118,0
1,1.05,0.017,4392.211,0.022009,0
2,1.05,0.017,3501.807,0.013885,0
3,1.05,0.017,4118.316,0.012948,0
1,1.075,0.017,3952.935,0.01934,0
2,1.075,0.017,3520.745,0.013675,0
3,1.075,0.017,4137.253,0.012783,0
1,1.1,0.017,3564.226,0.017034,0
2,1.1,0.017,3539.682,0.013472,0
3,1.1,0.017,4156.191,0.012622,0
1,0.9,0.018,6626.227,0.037098,0
2,0.9,0.018,5532.036,0.024127,0
3,0.9,0.018,5163.921,0.017581,0
1,0.925,0.018,6116.432,0.033338,0
2,0.925,0.018,4974.536,0.021203,0
3,0.925,0.018,4586.911,0.015321,0
1,0.95,0.018,5619.276,0.029832,0
2,0.95,0.018,4428.683,0.018455,0
3,0.95,0.018,4083.336,0.013383,0
1,0.975,0.018,5134.282,0.026562,0
2,0.975,0.018,3894.171,0.015871,0
3,0.975,0.018,4103.388,0.013201,0
1,1.0,0.018,4661.009,0.02351,0
2,1.0,0.018,3506.931,0.013983,0
3,1.0,0.018,4123.44,0.013024,0
1,1.025,0.018,4199.045,0.02066,0
2,1.025,0.018,3526.983,0.013764,0
3,1.025,0.018,4143.491,0.012852,0
1,1.05,0.018,3782.366,0.018161,0
2,1.05,0.018,3547.035,0.013553,0
3,1.05,0.018,4163.543,0.012686,0
1,1.075,0.018,3389.338,0.015889,0
2,1.075,0.018,3567.086,0.01335,0
3,1.075,0.018,4183.595,0.012525,1
1,1.1,0.018,3030.614,0.013878,1
2,1.1,0.018,3587.138,0.013153,1
3,1.1,0.018,4203.646,0.012368,1
1,0.9,0.019,5996.781,0.032257,0
2,0.9,0.019,4835.879,0.020377,0
3,0.9,0.019,4440.411,0.014688,0
1,0.925,0.019,5491.704,0.028754,0
2,0.925,0.019,4280.905,0.017626,0
3,0.925,0.019,4102.853,0.013311,0
1,0.95,0.019,4999.117,0.025492,0
2,0.95,0.019,3737.626,0.015042,0
3,0.95,0.019,4124.019,0.013127,0
1,0.975,0.019,4518.537,0.022451,0
2,0.975,0.019,3528.676,0.013887,0
3,0.975,0.019,4145.185,0.012948,0
1,1.0,0.019,4059.206,0.019663,0
2,1.0,0.019,3549.842,0.013666,0
3,1.0,0.019,4166.35,0.012775,0
1,1.025,0.019,3650.099,0.017246,0
2,1.025,0.019,3571.008,0.013454,0
3,1.025,0.019,4187.516,0.012607,0
1,1.05,0.019,3252.077,0.014994,0
2,1.05,0.019,3592.173,0.013249,0
3,1.05,0.019,4208.682,0.012444,0
1,1.075,0.019,3056.815,0.01376,1
2,1.075,0.019,3613.339,0.013052,1
3,1.075,0.019,4229.847,0.012287,1
1,1.1,0.019,3077.981,0.013534,1
2,1.1,0.019,3634.505,0.012862,1
3,1.1,0.019,4251.013,0.012134,1
1,0.9,0.02,5406.242,0.02799,0
2,0.9,0.02,4179.726,0.017041,0
3,0.9,0.02,4120.053,0.013256,0
1,0.925,0.02,4905.364,0.024718,0
2,0.925,0.02,3627.056,0.014447,0
3,0.925,0.02,4142.333,0.013069,0
1,0.95,0.02,4416.816,0.021673,0
2,0.95,0.02,3548.104,0.013812,0
3,0.95,0.02,4164.613,0.012888,0
1,0.975,0.02,3967.804,0.01897,0
2,0.975,0.02,3570.384,0.013589,0
3,0.975,0.02,4186.892,0.012713,0
1,1.0,0.02,3552.818,0.016559,0
2,1.0,0.02,3592.663,0.013375,0
3,1.0,0.02,4209.172,0.012543,0
1,1.025,0.02,3149.159,0.014315,0
2,1.025,0.02,3614.943,0.013169,0
3,1.025,0.02,4231.451,0.012379,0
1,1.05,0.02,3080.699,0.013665,0
2,1.05,0.02,3637.223,0.012971,0
3,1.05,0.02,4253.731,0.01222,0
1,1.075,0.02,3102.979,0.013438,1
2,1.075,0.02,3659.502,0.01278,1
3,1.075,0.02,4276.011,0.012067,1
1,1.1,0.02,3125.258,0.01322,1
2,1.1,0.02,3681.782,0.012596,1
3,1.1,0.02,4298.29,0.011918,1
