frame,top_joint,bottom_joint,orig_bot_X,orig_bot_Y,orig_bot_Z,fem_length_m,method,l_tt,new_X,new_Y,new_Z
1,14,3,9e-16,12.0,-20.2482142857143,25.7482142857143,M1,11.537859906359028,8.93475708896891e-16,12.0,-6.037859906359028
1,14,3,9e-16,12.0,-20.2482142857143,25.7482142857143,M2,15.377724207965148,8.952386763663378e-16,12.0,-9.877724207965148
1,14,3,9e-16,12.0,-20.2482142857143,25.7482142857143,M3,12.86032565997292,8.940828824634422e-16,12.0,-7.36032565997292
1,14,3,9e-16,12.0,-20.2482142857143,25.7482142857143,M6,14.553109948878202,8.948600775411126e-16,12.0,-9.053109948878202
2,34,5,5.1,12.0,-20.2482142857143,25.7482142857143,M1,11.520480618789724,5.1,12.0,-6.020480618789724
2,34,5,5.1,12.0,-20.2482142857143,25.7482142857143,M2,15.377724207965148,5.1,12.0,-9.877724207965148
2,34,5,5.1,12.0,-20.2482142857143,25.7482142857143,M3,12.86032565997292,5.1,12.0,-7.36032565997292
2,34,5,5.1,12.0,-20.2482142857143,25.7482142857143,M6,14.553109948878202,5.1,12.0,-9.053109948878202
3,110,7,15.3,12.0,-20.2482142857143,25.7482142857143,M1,11.538430078383234,15.3,12.0,-6.038430078383234
3,110,7,15.3,12.0,-20.2482142857143,25.7482142857143,M2,15.377724207965148,15.3,12.0,-9.877724207965148
3,110,7,15.3,12.0,-20.2482142857143,25.7482142857143,M3,12.86032565997292,15.3,12.0,-7.36032565997292
3,110,7,15.3,12.0,-20.2482142857143,25.7482142857143,M6,14.553109948878202,15.3,12.0,-9.053109948878202
4,135,9,20.4,12.0,-20.2482142857143,25.7482142857143,M1,11.515567008340067,20.4,12.0,-6.015567008340067
4,135,9,20.4,12.0,-20.2482142857143,25.7482142857143,M2,15.377724207965148,20.4,12.0,-9.877724207965148
4,135,9,20.4,12.0,-20.2482142857143,25.7482142857143,M3,12.86032565997292,20.4,12.0,-7.36032565997292
4,135,9,20.4,12.0,-20.2482142857143,25.7482142857143,M6,14.553109948878202,20.4,12.0,-9.053109948878202
5,160,11,25.5,12.0,-20.2482142857143,25.7482142857143,M1,11.493351184606553,25.5,12.0,-5.993351184606553
5,160,11,25.5,12.0,-20.2482142857143,25.7482142857143,M2,15.377724207965148,25.5,12.0,-9.877724207965148
5,160,11,25.5,12.0,-20.2482142857143,25.7482142857143,M3,12.86032565997292,25.5,12.0,-7.36032565997292
5,160,11,25.5,12.0,-20.2482142857143,25.7482142857143,M6,14.553109948878202,25.5,12.0,-9.053109948878202
6,184,13,30.6,12.0,-20.2482142857143,25.7482142857143,M1,11.496030646996187,30.6,12.0,-5.9960306469961875
6,184,13,30.6,12.0,-20.2482142857143,25.7482142857143,M2,15.377724207965148,30.6,12.0,-9.877724207965148
6,184,13,30.6,12.0,-20.2482142857143,25.7482142857143,M3,12.86032565997292,30.6,12.0,-7.36032565997292
6,184,13,30.6,12.0,-20.2482142857143,25.7482142857143,M6,14.553109948878202,30.6,12.0,-9.053109948878202
7,209,15,35.7,12.0,-20.2482142857143,25.7482142857143,M1,11.509203011460166,35.7,12.0,-6.0092030114601656
7,209,15,35.7,12.0,-20.2482142857143,25.7482142857143,M2,15.377724207965148,35.7,12.0,-9.877724207965148
7,209,15,35.7,12.0,-20.2482142857143,25.7482142857143,M3,12.86032565997292,35.7,12.0,-7.36032565997292
7,209,15,35.7,12.0,-20.2482142857143,25.7482142857143,M6,14.553109948878202,35.7,12.0,-9.053109948878202
8,233,17,40.8,12.0,-20.2482142857143,25.7482142857143,M1,11.534537507723105,40.8,12.0,-6.034537507723105
8,233,17,40.8,12.0,-20.2482142857143,25.7482142857143,M2,15.377724207965148,40.8,12.0,-9.877724207965148
8,233,17,40.8,12.0,-20.2482142857143,25.7482142857143,M3,12.86032565997292,40.8,12.0,-7.36032565997292
8,233,17,40.8,12.0,-20.2482142857143,25.7482142857143,M6,14.553109948878202,40.8,12.0,-9.053109948878202
9,255,19,45.9,12.0,-20.2482142857143,25.7482142857143,M1,11.544643683731476,45.9,12.0,-6.044643683731476
9,255,19,45.9,12.0,-20.2482142857143,25.7482142857143,M2,15.377724207965148,45.9,12.0,-9.877724207965148
9,255,19,45.9,12.0,-20.2482142857143,25.7482142857143,M3,12.86032565997292,45.9,12.0,-7.36032565997292
9,255,19,45.9,12.0,-20.2482142857143,25.7482142857143,M6,14.553109948878202,45.9,12.0,-9.053109948878202
10,277,27,51.0,12.0,-20.2482142857143,25.7482142857143,M1,11.5697332318885,51.0,12.0,-6.069733231888501
10,277,27,51.0,12.0,-20.2482142857143,25.7482142857143,M2,15.377724207965148,51.0,12.0,-9.877724207965148
10,277,27,51.0,12.0,-20.2482142857143,25.7482142857143,M3,12.86032565997292,51.0,12.0,-7.36032565997292
10,277,27,51.0,12.0,-20.2482142857143,25.7482142857143,M6,14.553109948878202,51.0,12.0,-9.053109948878202
11,301,29,56.1,12.0,-20.2482142857143,25.7482142857143,M1,11.609789114619325,56.1,12.0,-6.109789114619325
11,301,29,56.1,12.0,-20.2482142857143,25.7482142857143,M2,15.377724207965148,56.1,12.0,-9.877724207965148
11,301,29,56.1,12.0,-20.2482142857143,25.7482142857143,M3,12.86032565997292,56.1,12.0,-7.36032565997292
11,301,29,56.1,12.0,-20.2482142857143,25.7482142857143,M6,14.553109948878202,56.1,12.0,-9.053109948878202
12,364,31,66.3,12.0,-20.2482142857143,25.7482142857143,M1,11.56951240024081,66.3,12.0,-6.069512400240811
12,364,31,66.3,12.0,-20.2482142857143,25.7482142857143,M2,15.377724207965148,66.3,12.0,-9.877724207965148
12,364,31,66.3,12.0,-20.2482142857143,25.7482142857143,M3,12.86032565997292,66.3,12.0,-7.36032565997292
12,364,31,66.3,12.0,-20.2482142857143,25.7482142857143,M6,14.553109948878202,66.3,12.0,-9.053109948878202
13,389,33,71.4,12.0,-20.2482142857143,25.7482142857143,M1,11.611070315398058,71.4,12.0,-6.111070315398058
13,389,33,71.4,12.0,-20.2482142857143,25.7482142857143,M2,15.377724207965148,71.4,12.0,-9.877724207965148
13,389,33,71.4,12.0,-20.2482142857143,25.7482142857143,M3,12.86032565997292,71.4,12.0,-7.36032565997292
13,389,33,71.4,12.0,-20.2482142857143,25.7482142857143,M6,14.553109948878202,71.4,12.0,-9.053109948878202
14,89,35,6.03345158187247,10.8127555077844,-19.9014238681556,25.751426944765765,M1,14.010964831404236,7.933043552113,11.148876338979779,-8.320533411514898
14,89,35,6.03345158187247,10.8127555077844,-19.9014238681556,25.751426944765765,M2,15.621462001551864,7.672467140131241,11.10276898458086,-9.909141349441233
14,89,35,6.03345158187247,10.8127555077844,-19.9014238681556,25.751426944765765,M3,13.10406345355964,8.079779051833498,11.174840261182332,-7.4259582738087
14,89,35,6.03345158187247,10.8127555077844,-19.9014238681556,25.751426944765765,M6,14.79684774246492,7.805888687765613,11.126377086843243,-9.095734916946427
15,65,37,14.3665484181275,13.1872444922156,-19.9014238681556,25.751426944765758,M1,13.299344784767024,12.351817221389606,12.830750500299505,-7.6185854194102305
15,65,37,14.3665484181275,13.1872444922156,-19.9014238681556,25.751426944765758,M2,15.138680477481852,12.649419417855231,12.883409333990475,-9.432921598399085
15,65,37,14.3665484181275,13.1872444922156,-19.9014238681556,25.751426944765758,M3,12.621281929489625,12.242107506152978,12.811338057389003,-6.949738522766548
15,65,37,14.3665484181275,13.1872444922156,-19.9014238681556,25.751426944765758,M6,14.314066218394906,12.515997870220861,12.859801231728094,-8.619515165904277
16,326,39,57.0334515818724,13.1872444922156,-19.9014238681556,25.751426944765775,M1,13.35691620642248,59.03886779515943,12.832398727934251,-7.675374353371016
16,326,39,57.0334515818724,13.1872444922156,-19.9014238681556,25.751426944765775,M2,15.138680477481852,58.750580582144714,12.883409333990475,-9.432921598399075
16,326,39,57.0334515818724,13.1872444922156,-19.9014238681556,25.751426944765775,M3,12.621281929489625,59.15789249384697,12.811338057389003,-6.949738522766539
16,326,39,57.0334515818724,13.1872444922156,-19.9014238681556,25.751426944765775,M6,14.314066218394906,58.884002129779084,12.859801231728094,-8.619515165904268
17,342,41,65.3665484181276,10.8127555077844,-19.9014238681556,25.751426944765775,M1,14.102621484806486,63.48178637886769,11.146252276125294,-8.410944304410302
17,342,41,65.3665484181276,10.8127555077844,-19.9014238681556,25.751426944765775,M2,15.621462001551864,63.72753285986881,11.10276898458086,-9.909141349441228
17,342,41,65.3665484181276,10.8127555077844,-19.9014238681556,25.751426944765775,M3,13.10406345355964,63.32022094816654,11.174840261182332,-7.425958273808696
17,342,41,65.3665484181276,10.8127555077844,-19.9014238681556,25.751426944765775,M6,14.79684774246492,63.59411131223443,11.126377086843243,-9.095734916946421
18,12,43,9e-16,6.0,-19.2464285714286,24.7464285714286,M1,13.513875035588736,8.946341132332168e-16,6.0,-8.013875035588736
18,12,43,9e-16,6.0,-19.2464285714286,24.7464285714286,M2,17.387724207965146,8.964846840712942e-16,6.0,-11.887724207965146
18,12,43,9e-16,6.0,-19.2464285714286,24.7464285714286,M3,14.87032565997292,8.952821012825906e-16,6.0,-9.37032565997292
18,12,43,9e-16,6.0,-19.2464285714286,24.7464285714286,M6,16.5631099488782,8.960907587962963e-16,6.0,-11.0631099488782
19,32,45,5.1,6.0,-19.2464285714286,24.7464285714286,M1,13.496094924674455,5.1,6.0,-7.9960949246744555
19,32,45,5.1,6.0,-19.2464285714286,24.7464285714286,M2,17.387724207965146,5.1,6.0,-11.887724207965146
19,32,45,5.1,6.0,-19.2464285714286,24.7464285714286,M3,14.87032565997292,5.1,6.0,-9.37032565997292
19,32,45,5.1,6.0,-19.2464285714286,24.7464285714286,M6,16.5631099488782,5.1,6.0,-11.0631099488782
20,108,47,15.3,6.0,-19.2464285714286,24.7464285714286,M1,13.508325865658955,15.3,6.0,-8.008325865658955
20,108,47,15.3,6.0,-19.2464285714286,24.7464285714286,M2,17.387724207965146,15.3,6.0,-11.887724207965146
20,108,47,15.3,6.0,-19.2464285714286,24.7464285714286,M3,14.87032565997292,15.3,6.0,-9.37032565997292
20,108,47,15.3,6.0,-19.2464285714286,24.7464285714286,M6,16.5631099488782,15.3,6.0,-11.0631099488782
21,133,50,20.4,6.0,-19.2464285714286,24.7464285714286,M1,13.485773188258586,20.4,6.0,-7.985773188258586
21,133,50,20.4,6.0,-19.2464285714286,24.7464285714286,M2,17.387724207965146,20.4,6.0,-11.887724207965146
21,133,50,20.4,6.0,-19.2464285714286,24.7464285714286,M3,14.87032565997292,20.4,6.0,-9.37032565997292
21,133,50,20.4,6.0,-19.2464285714286,24.7464285714286,M6,16.5631099488782,20.4,6.0,-11.0631099488782
22,158,52,25.5,6.0,-19.2464285714286,24.7464285714286,M1,13.49289711693704,25.5,6.0,-7.992897116937041
22,158,52,25.5,6.0,-19.2464285714286,24.7464285714286,M2,17.387724207965146,25.5,6.0,-11.887724207965146
22,158,52,25.5,6.0,-19.2464285714286,24.7464285714286,M3,14.87032565997292,25.5,6.0,-9.37032565997292
22,158,52,25.5,6.0,-19.2464285714286,24.7464285714286,M6,16.5631099488782,25.5,6.0,-11.0631099488782
23,182,54,30.6,6.0,-19.2464285714286,24.7464285714286,M1,13.50012992094407,30.6,6.0,-8.00012992094407
23,182,54,30.6,6.0,-19.2464285714286,24.7464285714286,M2,17.387724207965146,30.6,6.0,-11.887724207965146
23,182,54,30.6,6.0,-19.2464285714286,24.7464285714286,M3,14.87032565997292,30.6,6.0,-9.37032565997292
23,182,54,30.6,6.0,-19.2464285714286,24.7464285714286,M6,16.5631099488782,30.6,6.0,-11.0631099488782
24,207,56,35.7,6.0,-19.2464285714286,24.7464285714286,M1,13.515074294678886,35.7,6.0,-8.015074294678886
24,207,56,35.7,6.0,-19.2464285714286,24.7464285714286,M2,17.387724207965146,35.7,6.0,-11.887724207965146
24,207,56,35.7,6.0,-19.2464285714286,24.7464285714286,M3,14.87032565997292,35.7,6.0,-9.37032565997292
24,207,56,35.7,6.0,-19.2464285714286,24.7464285714286,M6,16.5631099488782,35.7,6.0,-11.0631099488782
25,231,58,40.8,6.0,-19.2464285714286,24.7464285714286,M1,13.543256683708943,40.8,6.0,-8.043256683708943
25,231,58,40.8,6.0,-19.2464285714286,24.7464285714286,M2,17.387724207965146,40.8,6.0,-11.887724207965146
25,231,58,40.8,6.0,-19.2464285714286,24.7464285714286,M3,14.87032565997292,40.8,6.0,-9.37032565997292
25,231,58,40.8,6.0,-19.2464285714286,24.7464285714286,M6,16.5631099488782,40.8,6.0,-11.0631099488782
26,253,60,45.9,6.0,-19.2464285714286,24.7464285714286,M1,13.55462098330218,45.9,6.0,-8.05462098330218
26,253,60,45.9,6.0,-19.2464285714286,24.7464285714286,M2,17.387724207965146,45.9,6.0,-11.887724207965146
26,253,60,45.9,6.0,-19.2464285714286,24.7464285714286,M3,14.87032565997292,45.9,6.0,-9.37032565997292
26,253,60,45.9,6.0,-19.2464285714286,24.7464285714286,M6,16.5631099488782,45.9,6.0,-11.0631099488782
27,275,62,51.0,6.0,-19.2464285714286,24.7464285714286,M1,13.576858906939531,51.0,6.0,-8.076858906939531
27,275,62,51.0,6.0,-19.2464285714286,24.7464285714286,M2,17.387724207965146,51.0,6.0,-11.887724207965146
27,275,62,51.0,6.0,-19.2464285714286,24.7464285714286,M3,14.87032565997292,51.0,6.0,-9.37032565997292
27,275,62,51.0,6.0,-19.2464285714286,24.7464285714286,M6,16.5631099488782,51.0,6.0,-11.0631099488782
28,299,64,56.1,6.0,-19.2464285714286,24.7464285714286,M1,13.617105911192914,56.1,6.0,-8.117105911192914
28,299,64,56.1,6.0,-19.2464285714286,24.7464285714286,M2,17.387724207965146,56.1,6.0,-11.887724207965146
28,299,64,56.1,6.0,-19.2464285714286,24.7464285714286,M3,14.87032565997292,56.1,6.0,-9.37032565997292
28,299,64,56.1,6.0,-19.2464285714286,24.7464285714286,M6,16.5631099488782,56.1,6.0,-11.0631099488782
29,362,66,66.3,6.0,-19.2464285714286,24.7464285714286,M1,13.588982374300024,66.3,6.0,-8.088982374300024
29,362,66,66.3,6.0,-19.2464285714286,24.7464285714286,M2,17.387724207965146,66.3,6.0,-11.887724207965146
29,362,66,66.3,6.0,-19.2464285714286,24.7464285714286,M3,14.87032565997292,66.3,6.0,-9.37032565997292
29,362,66,66.3,6.0,-19.2464285714286,24.7464285714286,M6,16.5631099488782,66.3,6.0,-11.0631099488782
30,387,69,71.4,6.0,-19.2464285714286,24.7464285714286,M1,13.635124358507358,71.4,6.0,-8.135124358507358
30,387,69,71.4,6.0,-19.2464285714286,24.7464285714286,M2,17.387724207965146,71.4,6.0,-11.887724207965146
30,387,69,71.4,6.0,-19.2464285714286,24.7464285714286,M3,14.87032565997292,71.4,6.0,-9.37032565997292
30,387,69,71.4,6.0,-19.2464285714286,24.7464285714286,M6,16.5631099488782,71.4,6.0,-11.0631099488782
31,91,80,6.19106606736212,4.84461573032765,-18.9062957306634,24.74341103277305,M1,15.781860321760382,7.6430188594346795,5.100091294915195,-10.06684119593429
31,91,80,6.19106606736212,4.84461573032765,-18.9062957306634,24.74341103277305,M2,17.65071851702687,7.340225965424683,5.046813952860651,-11.910237231021533
31,91,80,6.19106606736212,4.84461573032765,-18.9062957306634,24.74341103277305,M3,15.133319969034645,7.748095537152373,5.118579859909511,-9.427136847130964
31,91,80,6.19106606736212,4.84461573032765,-18.9062957306634,24.74341103277305,M6,16.826104257939924,7.473830183542067,5.070322026429692,-11.096857885532707
32,63,82,14.208933932638,7.15538426967236,-18.9062957306634,24.743411032773068,M1,15.1470481011179,12.654128698401454,6.8818115011849965,-9.440677941000741
32,63,82,14.208933932638,7.15538426967236,-18.9062957306634,24.743411032773068,M2,17.129773728503288,12.975370423570556,6.938334971889237,-11.39639002736742
32,63,82,14.208933932638,7.15538426967236,-18.9062957306634,24.743411032773068,M3,14.61237518051106,12.567500851842855,6.866569064840376,-8.913289643476851
32,63,82,14.208933932638,7.15538426967236,-18.9062957306634,24.743411032773068,M6,16.305159469416342,12.841766205453169,6.914826898320196,-10.583010681878598
33,324,84,57.191066067362,7.15538426967234,-18.9062957306635,24.74341103277317,M1,15.10106127571363,58.75332209908858,6.880500510424277,-9.395317660680279
33,324,84,57.191066067362,7.15538426967234,-18.9062957306635,24.74341103277317,M2,17.12977372850329,58.42462957642945,6.938334971889221,-11.396390027367424
33,324,84,57.191066067362,7.15538426967234,-18.9062957306635,24.74341103277317,M3,14.612375180511064,58.832499148157154,6.866569064840363,-8.913289643476855
33,324,84,57.191066067362,7.15538426967234,-18.9062957306635,24.74341103277317,M6,16.305159469416346,58.558233794546844,6.914826898320181,-10.583010681878601
34,344,86,65.2089339326378,4.84461573032764,-18.9062957306635,24.74341103277314,M1,15.995100292291612,63.79153033641078,5.094012257523018,-10.277175889703475
34,344,86,65.2089339326378,4.84461573032764,-18.9062957306635,24.74341103277314,M2,17.650718517026874,64.05977403457526,5.046813952860646,-11.910237231021547
34,344,86,65.2089339326378,4.84461573032764,-18.9062957306635,24.74341103277314,M3,15.133319969034646,63.651904462847575,5.118579859909507,-9.427136847130976
34,344,86,65.2089339326378,4.84461573032764,-18.9062957306635,24.74341103277314,M6,16.826104257939928,63.92616981645787,5.070322026429687,-11.096857885532724
35,16,88,-6.7e-15,18.0,-21.25,26.75,M1,9.550898621710765,-1.8211271059076987e-15,18.0,-4.050898621710765
35,16,88,-6.7e-15,18.0,-21.25,26.75,M2,13.367724207965146,-2.9038468646132974e-15,18.0,-7.867724207965146
35,16,88,-6.7e-15,18.0,-21.25,26.75,M3,10.85032565997292,-2.189735861411091e-15,18.0,-5.3503256599729205
35,16,88,-6.7e-15,18.0,-21.25,26.75,M6,12.5431099488782,-2.6699283552532767e-15,18.0,-7.0431099488782
36,36,90,5.09999999999999,18.0,-21.25,26.75,M1,9.538228364300169,5.099999999999996,18.0,-4.038228364300169
36,36,90,5.09999999999999,18.0,-21.25,26.75,M2,13.367724207965146,5.099999999999995,18.0,-7.867724207965146
36,36,90,5.09999999999999,18.0,-21.25,26.75,M3,10.85032565997292,5.099999999999996,18.0,-5.3503256599729205
36,36,90,5.09999999999999,18.0,-21.25,26.75,M6,12.5431099488782,5.099999999999995,18.0,-7.0431099488782
37,10,92,9e-16,-5.25,-17.2,22.7,M1,17.31622670060145,8.97196268353517e-16,-5.25,-11.816226700601451
37,10,92,9e-16,-5.25,-17.2,22.7,M2,21.156474207965147,8.991961711852217e-16,-5.25,-15.656474207965147
37,10,92,9e-16,-5.25,-17.2,22.7,M3,18.63907565997292,8.97885174309368e-16,-5.25,-13.13907565997292
37,10,92,9e-16,-5.25,-17.2,22.7,M6,20.331859948878204,8.987667331376349e-16,-5.25,-14.831859948878204
38,30,94,5.1,-5.25,-17.2,22.7,M1,17.31541689258648,5.1,-5.25,-11.81541689258648
38,30,94,5.1,-5.25,-17.2,22.7,M2,21.156474207965147,5.1,-5.25,-15.656474207965147
38,30,94,5.1,-5.25,-17.2,22.7,M3,18.63907565997292,5.1,-5.25,-13.13907565997292
38,30,94,5.1,-5.25,-17.2,22.7,M6,20.331859948878204,5.1,-5.25,-14.831859948878204
39,115,97,15.3,18.0,-21.25,26.75,M1,9.548977614912156,15.3,18.0,-4.048977614912156
39,115,97,15.3,18.0,-21.25,26.75,M2,13.367724207965146,15.3,18.0,-7.867724207965146
39,115,97,15.3,18.0,-21.25,26.75,M3,10.85032565997292,15.3,18.0,-5.3503256599729205
39,115,97,15.3,18.0,-21.25,26.75,M6,12.5431099488782,15.3,18.0,-7.0431099488782
40,106,99,15.3,-5.25,-17.2,22.7,M1,17.23158013524083,15.3,-5.25,-11.73158013524083
40,106,99,15.3,-5.25,-17.2,22.7,M2,21.156474207965147,15.3,-5.25,-15.656474207965147
40,106,99,15.3,-5.25,-17.2,22.7,M3,18.63907565997292,15.3,-5.25,-13.13907565997292
40,106,99,15.3,-5.25,-17.2,22.7,M6,20.331859948878204,15.3,-5.25,-14.831859948878204
41,131,101,20.4,-5.25,-17.2,22.7,M1,17.241689930963844,20.4,-5.25,-11.741689930963844
41,131,101,20.4,-5.25,-17.2,22.7,M2,21.156474207965147,20.4,-5.25,-15.656474207965147
41,131,101,20.4,-5.25,-17.2,22.7,M3,18.63907565997292,20.4,-5.25,-13.13907565997292
41,131,101,20.4,-5.25,-17.2,22.7,M6,20.331859948878204,20.4,-5.25,-14.831859948878204
42,156,103,25.5,-5.25,-17.2,22.7,M1,17.2634347787433,25.5,-5.25,-11.7634347787433
42,156,103,25.5,-5.25,-17.2,22.7,M2,21.156474207965147,25.5,-5.25,-15.656474207965147
42,156,103,25.5,-5.25,-17.2,22.7,M3,18.63907565997292,25.5,-5.25,-13.13907565997292
42,156,103,25.5,-5.25,-17.2,22.7,M6,20.331859948878204,25.5,-5.25,-14.831859948878204
43,180,105,30.6,-5.25,-17.2,22.7,M1,17.25366063524455,30.6,-5.25,-11.75366063524455
43,180,105,30.6,-5.25,-17.2,22.7,M2,21.156474207965147,30.6,-5.25,-15.656474207965147
43,180,105,30.6,-5.25,-17.2,22.7,M3,18.63907565997292,30.6,-5.25,-13.13907565997292
43,180,105,30.6,-5.25,-17.2,22.7,M6,20.331859948878204,30.6,-5.25,-14.831859948878204
44,137,107,20.4,18.0,-21.25,26.75,M1,9.530833012627632,20.4,18.0,-4.030833012627632
44,137,107,20.4,18.0,-21.25,26.75,M2,13.367724207965146,20.4,18.0,-7.867724207965146
44,137,107,20.4,18.0,-21.25,26.75,M3,10.85032565997292,20.4,18.0,-5.3503256599729205
44,137,107,20.4,18.0,-21.25,26.75,M6,12.5431099488782,20.4,18.0,-7.0431099488782
45,205,109,35.7,-5.25,-17.2,22.7,M1,17.2732728916114,35.7,-5.25,-11.773272891611398
45,205,109,35.7,-5.25,-17.2,22.7,M2,21.156474207965147,35.7,-5.25,-15.656474207965147
45,205,109,35.7,-5.25,-17.2,22.7,M3,18.63907565997292,35.7,-5.25,-13.13907565997292
45,205,109,35.7,-5.25,-17.2,22.7,M6,20.331859948878204,35.7,-5.25,-14.831859948878204
46,229,111,40.8,-5.25,-17.2,22.7,M1,17.30883467700369,40.8,-5.25,-11.808834677003691
46,229,111,40.8,-5.25,-17.2,22.7,M2,21.156474207965147,40.8,-5.25,-15.656474207965147
46,229,111,40.8,-5.25,-17.2,22.7,M3,18.63907565997292,40.8,-5.25,-13.13907565997292
46,229,111,40.8,-5.25,-17.2,22.7,M6,20.331859948878204,40.8,-5.25,-14.831859948878204
47,251,116,45.9,-5.25,-17.2,22.7,M1,17.323814749176954,45.9,-5.25,-11.823814749176954
47,251,116,45.9,-5.25,-17.2,22.7,M2,21.156474207965147,45.9,-5.25,-15.656474207965147
47,251,116,45.9,-5.25,-17.2,22.7,M3,18.63907565997292,45.9,-5.25,-13.13907565997292
47,251,116,45.9,-5.25,-17.2,22.7,M6,20.331859948878204,45.9,-5.25,-14.831859948878204
48,162,118,25.5,18.0,-21.25,26.75,M1,9.513360507600693,25.5,18.0,-4.013360507600693
48,162,118,25.5,18.0,-21.25,26.75,M2,13.367724207965146,25.5,18.0,-7.867724207965146
48,162,118,25.5,18.0,-21.25,26.75,M3,10.85032565997292,25.5,18.0,-5.3503256599729205
48,162,118,25.5,18.0,-21.25,26.75,M6,12.5431099488782,25.5,18.0,-7.0431099488782
49,273,120,51.0,-5.25,-17.2,22.7,M1,17.350801092481213,51.0,-5.25,-11.850801092481213
49,273,120,51.0,-5.25,-17.2,22.7,M2,21.156474207965147,51.0,-5.25,-15.656474207965147
49,273,120,51.0,-5.25,-17.2,22.7,M3,18.63907565997292,51.0,-5.25,-13.13907565997292
49,273,120,51.0,-5.25,-17.2,22.7,M6,20.331859948878204,51.0,-5.25,-14.831859948878204
50,297,122,56.1,-5.25,-17.2,22.7,M1,17.395004673288604,56.1,-5.25,-11.895004673288604
50,297,122,56.1,-5.25,-17.2,22.7,M2,21.156474207965147,56.1,-5.25,-15.656474207965147
50,297,122,56.1,-5.25,-17.2,22.7,M3,18.63907565997292,56.1,-5.25,-13.13907565997292
50,297,122,56.1,-5.25,-17.2,22.7,M6,20.331859948878204,56.1,-5.25,-14.831859948878204
51,360,124,66.3,-5.25,-17.2,22.7,M1,17.37127613729822,66.3,-5.25,-11.87127613729822
51,360,124,66.3,-5.25,-17.2,22.7,M2,21.156474207965147,66.3,-5.25,-15.656474207965147
51,360,124,66.3,-5.25,-17.2,22.7,M3,18.63907565997292,66.3,-5.25,-13.13907565997292
51,360,124,66.3,-5.25,-17.2,22.7,M6,20.331859948878204,66.3,-5.25,-14.831859948878204
52,186,126,30.6,18.0,-21.25,26.75,M1,9.508949408696669,30.6,18.0,-4.008949408696669
52,186,126,30.6,18.0,-21.25,26.75,M2,13.367724207965146,30.6,18.0,-7.867724207965146
52,186,126,30.6,18.0,-21.25,26.75,M3,10.85032565997292,30.6,18.0,-5.3503256599729205
52,186,126,30.6,18.0,-21.25,26.75,M6,12.5431099488782,30.6,18.0,-7.0431099488782
53,385,128,71.4,-5.25,-17.2,22.7,M1,17.428815775987633,71.4,-5.25,-11.928815775987633
53,385,128,71.4,-5.25,-17.2,22.7,M2,21.156474207965147,71.4,-5.25,-15.656474207965147
53,385,128,71.4,-5.25,-17.2,22.7,M3,18.63907565997292,71.4,-5.25,-13.13907565997292
53,385,128,71.4,-5.25,-17.2,22.7,M6,20.331859948878204,71.4,-5.25,-14.831859948878204
54,93,130,6.52565746832526,-6.34300994304307,-16.8872441394185,22.695879691804283,M1,19.19912322767393,7.09176379130257,-6.243941336522042,-13.438039185849561
54,93,130,6.52565746832526,-6.34300994304307,-16.8872441394185,22.695879691804283,M2,21.455379253434888,6.726487909055336,-6.307864615915307,-15.663612954113095
54,93,130,6.52565746832526,-6.34300994304307,-16.8872441394185,22.695879691804283,M3,18.937980705442666,7.134041380419754,-6.236542758426535,-13.180447875014142
54,93,130,6.52565746832526,-6.34300994304307,-16.8872441394185,22.695879691804283,M6,20.630764994347945,6.859988583430286,-6.284501997899691,-14.850212416671425
55,61,132,13.8743425316748,-4.15699005695693,-16.8872441394184,22.695879691804194,M1,18.62338053164551,13.215026520241034,-4.2723703589578355,-12.87012586975413
55,61,132,13.8743425316748,-4.15699005695693,-16.8872441394184,22.695879691804194,M2,20.86326642630393,13.577652165098232,-4.208910871107828,-15.07955212020547
55,61,132,13.8743425316748,-4.15699005695693,-16.8872441394184,22.695879691804194,M3,18.345867878311708,13.170098693733806,-4.280232728596601,-12.596387041106517
55,61,132,13.8743425316748,-4.15699005695693,-16.8872441394184,22.695879691804194,M6,20.038652167216988,13.44415149072328,-4.232273489123444,-14.2661515827638
56,211,134,35.7,18.0,-21.25,26.75,M1,9.501283215573556,35.7,18.0,-4.001283215573556
56,211,134,35.7,18.0,-21.25,26.75,M2,13.367724207965146,35.7,18.0,-7.867724207965146
56,211,134,35.7,18.0,-21.25,26.75,M3,10.85032565997292,35.7,18.0,-5.3503256599729205
56,211,134,35.7,18.0,-21.25,26.75,M6,12.5431099488782,35.7,18.0,-7.0431099488782
57,322,136,57.5256574683252,-4.1569900569569,-16.8872441394184,22.695879691804198,M1,18.53221557730301,58.199732602281976,-4.2749532053993375,-12.780200644667502
57,322,136,57.5256574683252,-4.1569900569569,-16.8872441394184,22.695879691804198,M2,20.863266426303927,57.82234783490177,-4.2089108711078005,-15.079552120205467
57,322,136,57.5256574683252,-4.1569900569569,-16.8872441394184,22.695879691804198,M3,18.3458678783117,58.2299013062662,-4.280232728596577,-12.59638704110651
57,322,136,57.5256574683252,-4.1569900569569,-16.8872441394184,22.695879691804198,M6,20.03865216721698,57.95584850927672,-4.2322734891234175,-14.266151582763793
58,346,138,64.8743425316749,-6.34300994304309,-16.8872441394184,22.695879691804212,M1,19.61247633727974,64.37515588450874,-6.255652279789015,-13.845771210613254
58,346,138,64.8743425316749,-6.34300994304309,-16.8872441394184,22.695879691804212,M2,21.45537925343489,64.67351209094483,-6.307864615915328,-15.66361295411307
58,346,138,64.8743425316749,-6.34300994304309,-16.8872441394184,22.695879691804212,M3,18.937980705442666,64.26595861958039,-6.236542758426554,-13.180447875014117
58,346,138,64.8743425316749,-6.34300994304309,-16.8872441394184,22.695879691804212,M6,20.63076499434795,64.54001141656987,-6.284501997899712,-14.8502124166714
59,4,140,9e-16,-21.0,-14.73,20.23,M1,22.86338802408634,9.015388436968594e-16,-21.0,-17.36338802408634
59,4,140,9e-16,-21.0,-14.73,20.23,M2,26.432724207965148,9.03624617019399e-16,-21.0,-20.932724207965148
59,4,140,9e-16,-21.0,-14.73,20.23,M3,23.91532565997292,9.021535528037844e-16,-21.0,-18.41532565997292
59,4,140,9e-16,-21.0,-14.73,20.23,M6,25.6081099488782,9.031427463481079e-16,-21.0,-20.1081099488782
60,235,142,40.8,18.0,-21.25,26.75,M1,9.52054127373846,40.8,18.0,-4.020541273738459
60,235,142,40.8,18.0,-21.25,26.75,M2,13.367724207965146,40.8,18.0,-7.867724207965146
60,235,142,40.8,18.0,-21.25,26.75,M3,10.85032565997292,40.8,18.0,-5.3503256599729205
60,235,142,40.8,18.0,-21.25,26.75,M6,12.5431099488782,40.8,18.0,-7.0431099488782
61,6,144,9e-16,-15.75,-15.5,21.0,M1,21.00881056909149,9.00004959754762e-16,-15.75,-15.50881056909149
61,6,144,9e-16,-15.75,-15.5,21.0,M2,24.67397420796515,9.02068199100911e-16,-15.75,-19.17397420796515
61,6,144,9e-16,-15.75,-15.5,21.0,M3,22.15657565997292,9.006510739065358e-16,-15.75,-16.65657565997292
61,6,144,9e-16,-15.75,-15.5,21.0,M6,23.8493599488782,9.016039970209007e-16,-15.75,-18.3493599488782
62,8,149,9e-16,-10.5,-16.4,21.9,M1,19.158349481868783,8.985200620203525e-16,-10.5,-13.658349481868783
62,8,149,9e-16,-10.5,-16.4,21.9,M2,22.91522420796515,9.005480161870702e-16,-10.5,-17.41522420796515
62,8,149,9e-16,-10.5,-16.4,21.9,M3,20.39782565997292,8.991891290143817e-16,-10.5,-14.89782565997292
62,8,149,9e-16,-10.5,-16.4,21.9,M6,22.090609948878203,9.001028909048685e-16,-10.5,-16.590609948878203
63,18,151,5.1,-21.0,-14.73,20.23,M1,22.859352075917645,5.1,-21.0,-17.359352075917645
63,18,151,5.1,-21.0,-14.73,20.23,M2,26.432724207965148,5.1,-21.0,-20.932724207965148
63,18,151,5.1,-21.0,-14.73,20.23,M3,23.91532565997292,5.1,-21.0,-18.41532565997292
63,18,151,5.1,-21.0,-14.73,20.23,M6,25.6081099488782,5.1,-21.0,-20.1081099488782
64,257,153,45.9,18.0,-21.25,26.75,M1,9.530319928260232,45.9,18.0,-4.030319928260232
64,257,153,45.9,18.0,-21.25,26.75,M2,13.367724207965146,45.9,18.0,-7.867724207965146
64,257,153,45.9,18.0,-21.25,26.75,M3,10.85032565997292,45.9,18.0,-5.3503256599729205
64,257,153,45.9,18.0,-21.25,26.75,M6,12.5431099488782,45.9,18.0,-7.0431099488782
65,26,155,5.1,-15.75,-15.5,21.0,M1,21.01397169319226,5.1,-15.75,-15.51397169319226
65,26,155,5.1,-15.75,-15.5,21.0,M2,24.67397420796515,5.1,-15.75,-19.17397420796515
65,26,155,5.1,-15.75,-15.5,21.0,M3,22.15657565997292,5.1,-15.75,-16.65657565997292
65,26,155,5.1,-15.75,-15.5,21.0,M6,23.8493599488782,5.1,-15.75,-18.3493599488782
66,28,157,5.1,-10.5,-16.4,21.9,M1,19.163064446445524,5.1,-10.5,-13.663064446445524
66,28,157,5.1,-10.5,-16.4,21.9,M2,22.91522420796515,5.1,-10.5,-17.41522420796515
66,28,157,5.1,-10.5,-16.4,21.9,M3,20.39782565997292,5.1,-10.5,-14.89782565997292
66,28,157,5.1,-10.5,-16.4,21.9,M6,22.090609948878203,5.1,-10.5,-16.590609948878203
67,55,159,10.2,-21.0,-14.73,20.23,M1,22.84948446873361,10.2,-21.0,-17.34948446873361
67,55,159,10.2,-21.0,-14.73,20.23,M2,26.432724207965148,10.2,-21.0,-20.932724207965148
67,55,159,10.2,-21.0,-14.73,20.23,M3,23.91532565997292,10.2,-21.0,-18.41532565997292
67,55,159,10.2,-21.0,-14.73,20.23,M6,25.6081099488782,10.2,-21.0,-20.1081099488782
68,281,161,51.0,18.0,-21.25,26.75,M1,9.549626724919449,51.0,18.0,-4.049626724919449
68,281,161,51.0,18.0,-21.25,26.75,M2,13.367724207965146,51.0,18.0,-7.867724207965146
68,281,161,51.0,18.0,-21.25,26.75,M3,10.85032565997292,51.0,18.0,-5.3503256599729205
68,281,161,51.0,18.0,-21.25,26.75,M6,12.5431099488782,51.0,18.0,-7.0431099488782
69,100,163,15.3,-21.0,-14.73,20.23,M1,22.807016931327773,15.3,-21.0,-17.307016931327773
69,100,163,15.3,-21.0,-14.73,20.23,M2,26.432724207965148,15.3,-21.0,-20.932724207965148
69,100,163,15.3,-21.0,-14.73,20.23,M3,23.91532565997292,15.3,-21.0,-18.41532565997292
69,100,163,15.3,-21.0,-14.73,20.23,M6,25.6081099488782,15.3,-21.0,-20.1081099488782
70,102,165,15.3,-15.75,-15.5,21.0,M1,20.913564417757023,15.3,-15.75,-15.413564417757023
70,102,165,15.3,-15.75,-15.5,21.0,M2,24.67397420796515,15.3,-15.75,-19.17397420796515
70,102,165,15.3,-15.75,-15.5,21.0,M3,22.15657565997292,15.3,-15.75,-16.65657565997292
70,102,165,15.3,-15.75,-15.5,21.0,M6,23.8493599488782,15.3,-15.75,-18.3493599488782
71,104,167,15.3,-10.5,-16.4,21.9,M1,19.05753992194989,15.3,-10.5,-13.557539921949889
71,104,167,15.3,-10.5,-16.4,21.9,M2,22.91522420796515,15.3,-10.5,-17.41522420796515
71,104,167,15.3,-10.5,-16.4,21.9,M3,20.39782565997292,15.3,-10.5,-14.89782565997292
71,104,167,15.3,-10.5,-16.4,21.9,M6,22.090609948878203,15.3,-10.5,-16.590609948878203
72,304,171,56.1,18.0,-21.25,26.75,M1,9.580149726611454,56.1,18.0,-4.080149726611454
72,304,171,56.1,18.0,-21.25,26.75,M2,13.367724207965146,56.1,18.0,-7.867724207965146
72,304,171,56.1,18.0,-21.25,26.75,M3,10.85032565997292,56.1,18.0,-5.3503256599729205
72,304,171,56.1,18.0,-21.25,26.75,M6,12.5431099488782,56.1,18.0,-7.0431099488782
73,125,173,20.4,-21.0,-14.73,20.23,M1,22.817373814388088,20.4,-21.0,-17.317373814388088
73,125,173,20.4,-21.0,-14.73,20.23,M2,26.432724207965148,20.4,-21.0,-20.932724207965148
73,125,173,20.4,-21.0,-14.73,20.23,M3,23.91532565997292,20.4,-21.0,-18.41532565997292
73,125,173,20.4,-21.0,-14.73,20.23,M6,25.6081099488782,20.4,-21.0,-20.1081099488782
74,127,175,20.4,-15.75,-15.5,21.0,M1,20.933935334019047,20.4,-15.75,-15.433935334019047
74,127,175,20.4,-15.75,-15.5,21.0,M2,24.67397420796515,20.4,-15.75,-19.17397420796515
74,127,175,20.4,-15.75,-15.5,21.0,M3,22.15657565997292,20.4,-15.75,-16.65657565997292
74,127,175,20.4,-15.75,-15.5,21.0,M6,23.8493599488782,20.4,-15.75,-18.3493599488782
75,129,177,20.4,-10.5,-16.4,21.9,M1,19.07430499925464,20.4,-10.5,-13.57430499925464
75,129,177,20.4,-10.5,-16.4,21.9,M2,22.91522420796515,20.4,-10.5,-17.41522420796515
75,129,177,20.4,-10.5,-16.4,21.9,M3,20.39782565997292,20.4,-10.5,-14.89782565997292
75,129,177,20.4,-10.5,-16.4,21.9,M6,22.090609948878203,20.4,-10.5,-16.590609948878203
76,150,179,25.5,-21.0,-14.73,20.23,M1,22.83731174257883,25.5,-21.0,-17.33731174257883
76,150,179,25.5,-21.0,-14.73,20.23,M2,26.432724207965148,25.5,-21.0,-20.932724207965148
76,150,179,25.5,-21.0,-14.73,20.23,M3,23.91532565997292,25.5,-21.0,-18.41532565997292
76,150,179,25.5,-21.0,-14.73,20.23,M6,25.6081099488782,25.5,-21.0,-20.1081099488782
77,152,181,25.5,-15.75,-15.5,21.0,M1,20.96211400971652,25.5,-15.75,-15.462114009716519
77,152,181,25.5,-15.75,-15.5,21.0,M2,24.67397420796515,25.5,-15.75,-19.17397420796515
77,152,181,25.5,-15.75,-15.5,21.0,M3,22.15657565997292,25.5,-15.75,-16.65657565997292
77,152,181,25.5,-15.75,-15.5,21.0,M6,23.8493599488782,25.5,-15.75,-18.3493599488782
78,154,183,25.5,-10.5,-16.4,21.9,M1,19.10310777678145,25.5,-10.5,-13.60310777678145
78,154,183,25.5,-10.5,-16.4,21.9,M2,22.91522420796515,25.5,-10.5,-17.41522420796515
78,154,183,25.5,-10.5,-16.4,21.9,M3,20.39782565997292,25.5,-10.5,-14.89782565997292
78,154,183,25.5,-10.5,-16.4,21.9,M6,22.090609948878203,25.5,-10.5,-16.590609948878203
79,174,185,30.6,-21.0,-14.73,20.23,M1,22.82368682052877,30.6,-21.0,-17.32368682052877
79,174,185,30.6,-21.0,-14.73,20.23,M2,26.432724207965148,30.6,-21.0,-20.932724207965148
79,174,185,30.6,-21.0,-14.73,20.23,M3,23.91532565997292,30.6,-21.0,-18.41532565997292
79,174,185,30.6,-21.0,-14.73,20.23,M6,25.6081099488782,30.6,-21.0,-20.1081099488782
80,176,187,30.6,-15.75,-15.5,21.0,M1,20.94895900474708,30.6,-15.75,-15.448959004747081
80,176,187,30.6,-15.75,-15.5,21.0,M2,24.67397420796515,30.6,-15.75,-19.17397420796515
80,176,187,30.6,-15.75,-15.5,21.0,M3,22.15657565997292,30.6,-15.75,-16.65657565997292
80,176,187,30.6,-15.75,-15.5,21.0,M6,23.8493599488782,30.6,-15.75,-18.3493599488782
81,178,192,30.6,-10.5,-16.4,21.9,M1,19.091146893117312,30.6,-10.5,-13.591146893117312
81,178,192,30.6,-10.5,-16.4,21.9,M2,22.91522420796515,30.6,-10.5,-17.41522420796515
81,178,192,30.6,-10.5,-16.4,21.9,M3,20.39782565997292,30.6,-10.5,-14.89782565997292
81,178,192,30.6,-10.5,-16.4,21.9,M6,22.090609948878203,30.6,-10.5,-16.590609948878203
82,366,194,66.3,18.0,-21.25,26.75,M1,9.559321069835674,66.3,18.0,-4.059321069835674
82,366,194,66.3,18.0,-21.25,26.75,M2,13.367724207965146,66.3,18.0,-7.867724207965146
82,366,194,66.3,18.0,-21.25,26.75,M3,10.85032565997292,66.3,18.0,-5.3503256599729205
82,366,194,66.3,18.0,-21.25,26.75,M6,12.5431099488782,66.3,18.0,-7.0431099488782
83,199,196,35.7,-21.0,-14.73,20.23,M1,22.82245674552763,35.7,-21.0,-17.32245674552763
83,199,196,35.7,-21.0,-14.73,20.23,M2,26.432724207965148,35.7,-21.0,-20.932724207965148
83,199,196,35.7,-21.0,-14.73,20.23,M3,23.91532565997292,35.7,-21.0,-18.41532565997292
83,199,196,35.7,-21.0,-14.73,20.23,M6,25.6081099488782,35.7,-21.0,-20.1081099488782
84,201,198,35.7,-15.75,-15.5,21.0,M1,20.94868363389355,35.7,-15.75,-15.448683633893548
84,201,198,35.7,-15.75,-15.5,21.0,M2,24.67397420796515,35.7,-15.75,-19.17397420796515
84,201,198,35.7,-15.75,-15.5,21.0,M3,22.15657565997292,35.7,-15.75,-16.65657565997292
84,201,198,35.7,-15.75,-15.5,21.0,M6,23.8493599488782,35.7,-15.75,-18.3493599488782
85,203,200,35.7,-10.5,-16.4,21.9,M1,19.091266790019844,35.7,-10.5,-13.591266790019844
85,203,200,35.7,-10.5,-16.4,21.9,M2,22.91522420796515,35.7,-10.5,-17.41522420796515
85,203,200,35.7,-10.5,-16.4,21.9,M3,20.39782565997292,35.7,-10.5,-14.89782565997292
85,203,200,35.7,-10.5,-16.4,21.9,M6,22.090609948878203,35.7,-10.5,-16.590609948878203
86,391,202,71.4,18.0,-21.25,26.75,M1,9.591921545496753,71.4,18.0,-4.091921545496753
86,391,202,71.4,18.0,-21.25,26.75,M2,13.367724207965146,71.4,18.0,-7.867724207965146
86,391,202,71.4,18.0,-21.25,26.75,M3,10.85032565997292,71.4,18.0,-5.3503256599729205
86,391,202,71.4,18.0,-21.25,26.75,M6,12.5431099488782,71.4,18.0,-7.0431099488782
87,223,204,40.8,-21.0,-14.73,20.23,M1,22.83946287855647,40.8,-21.0,-17.33946287855647
87,223,204,40.8,-21.0,-14.73,20.23,M2,26.432724207965148,40.8,-21.0,-20.932724207965148
87,223,204,40.8,-21.0,-14.73,20.23,M3,23.91532565997292,40.8,-21.0,-18.41532565997292
87,223,204,40.8,-21.0,-14.73,20.23,M6,25.6081099488782,40.8,-21.0,-20.1081099488782
88,2541,206,9e-16,26.0,-22.7,28.2,M1,6.890673541428886,2.1991511302432616e-16,26.0,-1.3906735414288862
88,2541,206,9e-16,26.0,-22.7,28.2,M2,10.687724207965148,3.410975811052707e-16,26.0,-5.187724207965148
88,2541,206,9e-16,26.0,-22.7,28.2,M3,8.170325659972919,2.607550742544549e-16,26.0,-2.670325659972919
88,2541,206,9e-16,26.0,-22.7,28.2,M6,9.8631099488782,3.1478010475143194e-16,26.0,-4.363109948878201
89,225,208,40.8,-15.75,-15.5,21.0,M1,20.96873141925326,40.8,-15.75,-15.46873141925326
89,225,208,40.8,-15.75,-15.5,21.0,M2,24.67397420796515,40.8,-15.75,-19.17397420796515
89,225,208,40.8,-15.75,-15.5,21.0,M3,22.15657565997292,40.8,-15.75,-16.65657565997292
89,225,208,40.8,-15.75,-15.5,21.0,M6,23.8493599488782,40.8,-15.75,-18.3493599488782
90,404,210,5.1,26.0,-22.7,28.2,M1,6.885649126165023,5.1,26.0,-1.3856491261650232
90,404,210,5.1,26.0,-22.7,28.2,M2,10.687724207965148,5.1,26.0,-5.187724207965148
90,404,210,5.1,26.0,-22.7,28.2,M3,8.170325659972919,5.1,26.0,-2.670325659972919
90,404,210,5.1,26.0,-22.7,28.2,M6,9.8631099488782,5.1,26.0,-4.363109948878201
91,227,214,40.8,-10.5,-16.4,21.9,M1,19.110791856420903,40.8,-10.5,-13.610791856420903
91,227,214,40.8,-10.5,-16.4,21.9,M2,22.91522420796515,40.8,-10.5,-17.41522420796515
91,227,214,40.8,-10.5,-16.4,21.9,M3,20.39782565997292,40.8,-10.5,-14.89782565997292
91,227,214,40.8,-10.5,-16.4,21.9,M6,22.090609948878203,40.8,-10.5,-16.590609948878203
92,2545,216,10.2,26.0,-22.7,28.2,M1,6.886564181789682,10.2,26.0,-1.3865641817896819
92,2545,216,10.2,26.0,-22.7,28.2,M2,10.687724207965148,10.2,26.0,-5.187724207965148
92,2545,216,10.2,26.0,-22.7,28.2,M3,8.170325659972919,10.2,26.0,-2.670325659972919
92,2545,216,10.2,26.0,-22.7,28.2,M6,9.8631099488782,10.2,26.0,-4.363109948878201
93,245,218,45.9,-21.0,-14.73,20.23,M1,22.857706604120736,45.9,-21.0,-17.357706604120736
93,245,218,45.9,-21.0,-14.73,20.23,M2,26.432724207965148,45.9,-21.0,-20.932724207965148
93,245,218,45.9,-21.0,-14.73,20.23,M3,23.91532565997292,45.9,-21.0,-18.41532565997292
93,245,218,45.9,-21.0,-14.73,20.23,M6,25.6081099488782,45.9,-21.0,-20.1081099488782
94,407,220,15.3,26.0,-22.7,28.2,M1,6.881297355138454,15.3,26.0,-1.3812973551384538
94,407,220,15.3,26.0,-22.7,28.2,M2,10.687724207965148,15.3,26.0,-5.187724207965148
94,407,220,15.3,26.0,-22.7,28.2,M3,8.170325659972919,15.3,26.0,-2.670325659972919
94,407,220,15.3,26.0,-22.7,28.2,M6,9.8631099488782,15.3,26.0,-4.363109948878201
95,247,222,45.9,-15.75,-15.5,21.0,M1,20.98708510748612,45.9,-15.75,-15.48708510748612
95,247,222,45.9,-15.75,-15.5,21.0,M2,24.67397420796515,45.9,-15.75,-19.17397420796515
95,247,222,45.9,-15.75,-15.5,21.0,M3,22.15657565997292,45.9,-15.75,-16.65657565997292
95,247,222,45.9,-15.75,-15.5,21.0,M6,23.8493599488782,45.9,-15.75,-18.3493599488782
96,409,224,20.4,26.0,-22.7,28.2,M1,6.869117051844734,20.4,26.0,-1.369117051844734
96,409,224,20.4,26.0,-22.7,28.2,M2,10.687724207965148,20.4,26.0,-5.187724207965148
96,409,224,20.4,26.0,-22.7,28.2,M3,8.170325659972919,20.4,26.0,-2.670325659972919
96,409,224,20.4,26.0,-22.7,28.2,M6,9.8631099488782,20.4,26.0,-4.363109948878201
97,249,226,45.9,-10.5,-16.4,21.9,M1,19.129547292147087,45.9,-10.5,-13.629547292147087
97,249,226,45.9,-10.5,-16.4,21.9,M2,22.91522420796515,45.9,-10.5,-17.41522420796515
97,249,226,45.9,-10.5,-16.4,21.9,M3,20.39782565997292,45.9,-10.5,-14.89782565997292
97,249,226,45.9,-10.5,-16.4,21.9,M6,22.090609948878203,45.9,-10.5,-16.590609948878203
98,2551,228,25.5,26.0,-22.7,28.2,M1,6.860024466336549,25.5,26.0,-1.360024466336549
98,2551,228,25.5,26.0,-22.7,28.2,M2,10.687724207965148,25.5,26.0,-5.187724207965148
98,2551,228,25.5,26.0,-22.7,28.2,M3,8.170325659972919,25.5,26.0,-2.670325659972919
98,2551,228,25.5,26.0,-22.7,28.2,M6,9.8631099488782,25.5,26.0,-4.363109948878201
99,267,230,51.0,-21.0,-14.73,20.23,M1,22.88864962825105,51.0,-21.0,-17.38864962825105
99,267,230,51.0,-21.0,-14.73,20.23,M2,26.432724207965148,51.0,-21.0,-20.932724207965148
99,267,230,51.0,-21.0,-14.73,20.23,M3,23.91532565997292,51.0,-21.0,-18.41532565997292
99,267,230,51.0,-21.0,-14.73,20.23,M6,25.6081099488782,51.0,-21.0,-20.1081099488782
100,412,232,30.6,26.0,-22.7,28.2,M1,6.852616212185372,30.6,26.0,-1.3526162121853718
100,412,232,30.6,26.0,-22.7,28.2,M2,10.687724207965148,30.6,26.0,-5.187724207965148
100,412,232,30.6,26.0,-22.7,28.2,M3,8.170325659972919,30.6,26.0,-2.670325659972919
100,412,232,30.6,26.0,-22.7,28.2,M6,9.8631099488782,30.6,26.0,-4.363109948878201
101,269,234,51.0,-15.75,-15.5,21.0,M1,21.020602222337043,51.0,-15.75,-15.520602222337043
101,269,234,51.0,-15.75,-15.5,21.0,M2,24.67397420796515,51.0,-15.75,-19.17397420796515
101,269,234,51.0,-15.75,-15.5,21.0,M3,22.15657565997292,51.0,-15.75,-16.65657565997292
101,269,234,51.0,-15.75,-15.5,21.0,M6,23.8493599488782,51.0,-15.75,-18.3493599488782
103,414,236,35.7,26.0,-22.7,28.2,M1,6.845036793209427,35.7,26.0,-1.3450367932094274
103,414,236,35.7,26.0,-22.7,28.2,M2,10.687724207965148,35.7,26.0,-5.187724207965148
103,414,236,35.7,26.0,-22.7,28.2,M3,8.170325659972919,35.7,26.0,-2.670325659972919
103,414,236,35.7,26.0,-22.7,28.2,M6,9.8631099488782,35.7,26.0,-4.363109948878201
104,271,238,51.0,-10.5,-16.4,21.9,M1,19.161184362852456,51.0,-10.5,-13.661184362852456
104,271,238,51.0,-10.5,-16.4,21.9,M2,22.91522420796515,51.0,-10.5,-17.41522420796515
104,271,238,51.0,-10.5,-16.4,21.9,M3,20.39782565997292,51.0,-10.5,-14.89782565997292
104,271,238,51.0,-10.5,-16.4,21.9,M6,22.090609948878203,51.0,-10.5,-16.590609948878203
105,2557,240,40.8,26.0,-22.7,28.2,M1,6.846680917770638,40.8,26.0,-1.3466809177706383
105,2557,240,40.8,26.0,-22.7,28.2,M2,10.687724207965148,40.8,26.0,-5.187724207965148
105,2557,240,40.8,26.0,-22.7,28.2,M3,8.170325659972919,40.8,26.0,-2.670325659972919
105,2557,240,40.8,26.0,-22.7,28.2,M6,9.8631099488782,40.8,26.0,-4.363109948878201
106,291,242,56.1,-21.0,-14.73,20.23,M1,22.9179078674392,56.1,-21.0,-17.4179078674392
106,291,242,56.1,-21.0,-14.73,20.23,M2,26.432724207965148,56.1,-21.0,-20.932724207965148
106,291,242,56.1,-21.0,-14.73,20.23,M3,23.91532565997292,56.1,-21.0,-18.41532565997292
106,291,242,56.1,-21.0,-14.73,20.23,M6,25.6081099488782,56.1,-21.0,-20.1081099488782
107,417,244,45.9,26.0,-22.7,28.2,M1,6.850665511412954,45.9,26.0,-1.350665511412954
107,417,244,45.9,26.0,-22.7,28.2,M2,10.687724207965148,45.9,26.0,-5.187724207965148
107,417,244,45.9,26.0,-22.7,28.2,M3,8.170325659972919,45.9,26.0,-2.670325659972919
107,417,244,45.9,26.0,-22.7,28.2,M6,9.8631099488782,45.9,26.0,-4.363109948878201
108,293,246,56.1,-15.75,-15.5,21.0,M1,21.055593527806057,56.1,-15.75,-15.555593527806057
108,293,246,56.1,-15.75,-15.5,21.0,M2,24.67397420796515,56.1,-15.75,-19.17397420796515
108,293,246,56.1,-15.75,-15.5,21.0,M3,22.15657565997292,56.1,-15.75,-16.65657565997292
108,293,246,56.1,-15.75,-15.5,21.0,M6,23.8493599488782,56.1,-15.75,-18.3493599488782
109,419,248,51.0,26.0,-22.7,28.2,M1,6.851708709633504,51.0,26.0,-1.3517087096335043
109,419,248,51.0,26.0,-22.7,28.2,M2,10.687724207965148,51.0,26.0,-5.187724207965148
109,419,248,51.0,26.0,-22.7,28.2,M3,8.170325659972919,51.0,26.0,-2.670325659972919
109,419,248,51.0,26.0,-22.7,28.2,M6,9.8631099488782,51.0,26.0,-4.363109948878201
110,295,250,56.1,-10.5,-16.4,21.9,M1,19.19434442648783,56.1,-10.5,-13.694344426487831
110,295,250,56.1,-10.5,-16.4,21.9,M2,22.91522420796515,56.1,-10.5,-17.41522420796515
110,295,250,56.1,-10.5,-16.4,21.9,M3,20.39782565997292,56.1,-10.5,-14.89782565997292
110,295,250,56.1,-10.5,-16.4,21.9,M6,22.090609948878203,56.1,-10.5,-16.590609948878203
111,2563,252,56.1,26.0,-22.7,28.2,M1,6.860065587190172,56.1,26.0,-1.3600655871901717
111,2563,252,56.1,26.0,-22.7,28.2,M2,10.687724207965148,56.1,26.0,-5.187724207965148
111,2563,252,56.1,26.0,-22.7,28.2,M3,8.170325659972919,56.1,26.0,-2.670325659972919
111,2563,252,56.1,26.0,-22.7,28.2,M6,9.8631099488782,56.1,26.0,-4.363109948878201
112,316,254,61.2,-21.0,-14.73,20.23,M1,22.93224122964252,61.2,-21.0,-17.43224122964252
112,316,254,61.2,-21.0,-14.73,20.23,M2,26.432724207965148,61.2,-21.0,-20.932724207965148
112,316,254,61.2,-21.0,-14.73,20.23,M3,23.91532565997292,61.2,-21.0,-18.41532565997292
112,316,254,61.2,-21.0,-14.73,20.23,M6,25.6081099488782,61.2,-21.0,-20.1081099488782
113,424,256,61.2,26.0,-22.7,28.2,M1,6.869749454120005,61.2,26.0,-1.3697494541200053
113,424,256,61.2,26.0,-22.7,28.2,M2,10.687724207965148,61.2,26.0,-5.187724207965148
113,424,256,61.2,26.0,-22.7,28.2,M3,8.170325659972919,61.2,26.0,-2.670325659972919
113,424,256,61.2,26.0,-22.7,28.2,M6,9.8631099488782,61.2,26.0,-4.363109948878201
114,354,258,66.3,-21.0,-14.73,20.23,M1,22.94726434751873,66.3,-21.0,-17.44726434751873
114,354,258,66.3,-21.0,-14.73,20.23,M2,26.432724207965148,66.3,-21.0,-20.932724207965148
114,354,258,66.3,-21.0,-14.73,20.23,M3,23.91532565997292,66.3,-21.0,-18.41532565997292
114,354,258,66.3,-21.0,-14.73,20.23,M6,25.6081099488782,66.3,-21.0,-20.1081099488782
115,426,260,66.3,26.0,-22.7,28.2,M1,6.877925856895877,66.3,26.0,-1.3779258568958772
115,426,260,66.3,26.0,-22.7,28.2,M2,10.687724207965148,66.3,26.0,-5.187724207965148
115,426,260,66.3,26.0,-22.7,28.2,M3,8.170325659972919,66.3,26.0,-2.670325659972919
115,426,260,66.3,26.0,-22.7,28.2,M6,9.8631099488782,66.3,26.0,-4.363109948878201
116,356,262,66.3,-15.75,-15.5,21.0,M1,21.053351582955404,66.3,-15.75,-15.553351582955404
116,356,262,66.3,-15.75,-15.5,21.0,M2,24.67397420796515,66.3,-15.75,-19.17397420796515
116,356,262,66.3,-15.75,-15.5,21.0,M3,22.15657565997292,66.3,-15.75,-16.65657565997292
116,356,262,66.3,-15.75,-15.5,21.0,M6,23.8493599488782,66.3,-15.75,-18.3493599488782
117,2569,264,71.4,26.0,-22.7,28.2,M1,6.891176983016036,71.4,26.0,-1.3911769830160363
117,2569,264,71.4,26.0,-22.7,28.2,M2,10.687724207965148,71.4,26.0,-5.187724207965148
117,2569,264,71.4,26.0,-22.7,28.2,M3,8.170325659972919,71.4,26.0,-2.670325659972919
117,2569,264,71.4,26.0,-22.7,28.2,M6,9.8631099488782,71.4,26.0,-4.363109948878201
119,358,266,66.3,-10.5,-16.4,21.9,M1,19.18581165812471,66.3,-10.5,-13.68581165812471
119,358,266,66.3,-10.5,-16.4,21.9,M2,22.91522420796515,66.3,-10.5,-17.41522420796515
119,358,266,66.3,-10.5,-16.4,21.9,M3,20.39782565997292,66.3,-10.5,-14.89782565997292
119,358,266,66.3,-10.5,-16.4,21.9,M6,22.090609948878203,66.3,-10.5,-16.590609948878203
120,379,268,71.4,-21.0,-14.73,20.23,M1,22.97242553934285,71.4,-21.0,-17.47242553934285
120,379,268,71.4,-21.0,-14.73,20.23,M2,26.432724207965148,71.4,-21.0,-20.932724207965148
120,379,268,71.4,-21.0,-14.73,20.23,M3,23.91532565997292,71.4,-21.0,-18.41532565997292
120,379,268,71.4,-21.0,-14.73,20.23,M6,25.6081099488782,71.4,-21.0,-20.1081099488782
121,381,270,71.4,-15.75,-15.5,21.0,M1,21.08298746124677,71.4,-15.75,-15.58298746124677
121,381,270,71.4,-15.75,-15.5,21.0,M2,24.67397420796515,71.4,-15.75,-19.17397420796515
121,381,270,71.4,-15.75,-15.5,21.0,M3,22.15657565997292,71.4,-15.75,-16.65657565997292
121,381,270,71.4,-15.75,-15.5,21.0,M6,23.8493599488782,71.4,-15.75,-18.3493599488782
122,383,272,71.4,-10.5,-16.4,21.9,M1,19.213497699729285,71.4,-10.5,-13.713497699729285
122,383,272,71.4,-10.5,-16.4,21.9,M2,22.91522420796515,71.4,-10.5,-17.41522420796515
122,383,272,71.4,-10.5,-16.4,21.9,M3,20.39782565997292,71.4,-10.5,-14.89782565997292
122,383,272,71.4,-10.5,-16.4,21.9,M6,22.090609948878203,71.4,-10.5,-16.590609948878203
123,95,274,6.65110708078082,-11.5696479700224,-16.1031815003262,21.9015080643976,M1,21.048652870983176,6.789302667501529,-11.545518581864815,-15.261943285923163
123,95,274,6.65110708078082,-11.5696479700224,-16.1031815003262,21.9015080643976,M2,23.23098981095608,6.435679524709361,-11.607262305209481,-17.414554004348492
123,95,274,6.65110708078082,-11.5696479700224,-16.1031815003262,21.9015080643976,M3,20.71359126296385,6.8435956305571155,-11.536038858156697,-14.931445645735582
123,95,274,6.65110708078082,-11.5696479700224,-16.1031815003262,21.9015080643976,M6,22.40637555186913,6.569298985823914,-11.583931923110114,-16.601172046611495
125,98,276,6.80616437947842,-16.793540758746,-15.2130505808513,20.997639753465585,M1,22.90759592298349,6.497459336537821,-16.847529533071942,-17.097120372071718
125,98,276,6.80616437947842,-16.793540758746,-15.2130505808513,20.997639753465585,M2,25.00662530482815,6.1581945063823245,-16.90686284417538,-19.167700792886194
125,98,276,6.80616437947842,-16.793540758746,-15.2130505808513,20.997639753465585,M3,22.48922675683592,6.565080087978001,-16.835703482371642,-16.684421525838154
125,98,276,6.80616437947842,-16.793540758746,-15.2130505808513,20.997639753465585,M6,24.18201104574121,6.291476402754386,-16.8835534542269,-18.35426285135088
126,57,280,13.5938356205215,-14.7064592412541,-15.2130505808513,20.99763975346557,M1,22.46064358965854,13.830300032261482,-14.665104478662803,-16.656225757434807
126,57,280,13.5938356205215,-14.7064592412541,-15.2130505808513,20.99763975346557,M2,24.347648993182744,14.135295556986588,-14.61176445415931,-18.51765584331318
126,57,280,13.5938356205215,-14.7064592412541,-15.2130505808513,20.99763975346557,M3,21.830250445190515,13.728409975390921,-14.682923815963036,-16.034376576265146
126,57,280,13.5938356205215,-14.7064592412541,-15.2130505808513,20.99763975346557,M6,23.5230347340958,14.00201366061453,-14.635073844107787,-17.704217901777866
127,59,282,13.7488929192191,-9.43035202997762,-16.1031815003262,21.901508064397586,M1,20.50771093908458,13.523043779775957,-9.469786006705787,-14.728369675303231
127,59,282,13.7488929192191,-9.43035202997762,-16.1031815003262,21.901508064397586,M2,22.605469149014,13.862961891148121,-9.410435225355092,-16.797553734211604
127,59,282,13.7488929192191,-9.43035202997762,-16.1031815003262,21.901508064397586,M3,20.088070601021773,13.455045785300376,-9.481658672407873,-14.314445375598694
127,59,282,13.7488929192191,-9.43035202997762,-16.1031815003262,21.901508064397586,M6,21.780854889927056,13.729342430033572,-9.433765607454458,-15.98417177647461
128,318,284,57.8061643794785,-14.706459241254,-15.2130505808514,20.997639753465673,M1,22.01159891402499,57.642278782941766,-14.67779763468479,-16.213267158817807
128,318,284,57.8061643794785,-14.706459241254,-15.2130505808514,20.997639753465673,M2,24.347648993182712,57.264704443013436,-14.6117644541592,-18.517655843313147
128,318,284,57.8061643794785,-14.706459241254,-15.2130505808514,20.997639753465673,M3,21.830250445190483,57.6715900246091,-14.682923815962937,-16.03437657626511
128,318,284,57.8061643794785,-14.706459241254,-15.2130505808514,20.997639753465673,M6,23.523034734095766,57.3979863393855,-14.63507384410768,-17.70421790177783
129,320,286,57.6511070807808,-9.43035202997762,-16.1031815003262,21.901508064397603,M1,20.25126914189297,57.918509727661394,-9.477041381020262,-14.475420943521321
129,320,286,57.6511070807808,-9.43035202997762,-16.1031815003262,21.901508064397603,M2,22.605469149014,57.537038108851775,-9.410435225355092,-16.797553734211583
129,320,286,57.6511070807808,-9.43035202997762,-16.1031815003262,21.901508064397603,M3,20.088070601021773,57.944954214699536,-9.481658672407873,-14.314445375598677
129,320,286,57.6511070807808,-9.43035202997762,-16.1031815003262,21.901508064397603,M6,21.780854889927056,57.67065756996633,-9.433765607454458,-15.98417177647459
132,348,288,64.7488929192192,-11.5696479700224,-16.1031815003262,21.901508064397603,M1,21.4287855794522,64.67229356018667,-11.556273478762753,-15.636898100501256
132,348,288,64.7488929192192,-11.5696479700224,-16.1031815003262,21.901508064397603,M2,23.23098981095608,64.96432047529066,-11.607262305209481,-17.41455400434849
132,348,288,64.7488929192192,-11.5696479700224,-16.1031815003262,21.901508064397603,M3,20.71359126296385,64.5564043694429,-11.536038858156697,-14.931445645735575
132,348,288,64.7488929192192,-11.5696479700224,-16.1031815003262,21.901508064397603,M6,22.40637555186913,64.83070101417611,-11.583931923110114,-16.601172046611488
135,352,290,64.5938356205214,-16.7935407587461,-15.2130505808514,20.99763975346566,M1,23.29420383601552,64.96502786306291,-16.858457787710783,-17.47848843779771
135,352,290,64.5938356205214,-16.7935407587461,-15.2130505808514,20.99763975346566,M2,25.00662530482818,65.24180549361745,-16.906862844175496,-19.16770079288625
135,352,290,64.5938356205214,-16.7935407587461,-15.2130505808514,20.99763975346566,M3,22.48922675683595,64.8349199120218,-16.835703482371745,-16.684421525838214
135,352,290,64.5938356205214,-16.7935407587461,-15.2130505808514,20.99763975346566,M6,24.18201104574124,65.10852359724541,-16.883553454227012,-18.354262851350942
136,340,292,65.5355105900628,16.7811409791022,-20.8868144533132,26.751668607100772,M1,12.016911464831958,63.14752139318133,17.20462674800727,-6.353018134362184
136,340,292,65.5355105900628,16.7811409791022,-20.8868144533132,26.751668607100772,M2,13.592018186419338,63.40279114746157,17.159357234932944,-7.906642673343677
136,340,292,65.5355105900628,16.7811409791022,-20.8868144533132,26.751668607100772,M3,11.07461963842711,62.99480881841418,17.2317087809709,-5.4235778086242
136,340,292,65.5355105900628,16.7811409791022,-20.8868144533132,26.751668607100772,M6,12.767403927332392,63.269149993876134,17.183057143943167,-7.09327496272887
137,330,294,56.8644894099371,19.2188590208978,-20.8868144533132,26.75166860710079,M1,11.36952299718902,59.35739765312461,18.77676691865768,-5.714459111155126
137,330,294,56.8644894099371,19.2188590208978,-20.8868144533132,26.75166860710079,M2,13.147766670852706,59.06920649794429,18.82787470972414,-7.468450107338706
137,330,294,56.8644894099371,19.2188590208978,-20.8868144533132,26.75166860710079,M3,10.630368122860478,59.4771888269917,18.755523163686178,-4.98538524261923
137,330,294,56.8644894099371,19.2188590208978,-20.8868144533132,26.75166860710079,M6,12.32315241176576,59.20284765152974,18.804174800713913,-6.655082396723898
138,87,296,5.8644894099372,16.7811409791022,-20.8868144533132,26.751668607100772,M1,12.0415533568989,8.248485017275364,17.203918525231117,-6.377323946582674
138,87,296,5.8644894099372,16.7811409791022,-20.8868144533132,26.751668607100772,M2,13.592018186419338,7.997208852538428,17.159357234932944,-7.906642673343677
138,87,296,5.8644894099372,16.7811409791022,-20.8868144533132,26.751668607100772,M3,11.07461963842711,8.405191181585822,17.2317087809709,-5.4235778086242
138,87,296,5.8644894099372,16.7811409791022,-20.8868144533132,26.751668607100772,M6,12.767403927332392,8.130850006123865,17.183057143943167,-7.09327496272887
139,68,298,14.535510590063,19.2188590208979,-20.8868144533132,26.751668607100807,M1,11.218828737234094,12.018180073652339,18.772435875130476,-5.565820103435261
139,68,298,14.535510590063,19.2188590208979,-20.8868144533132,26.751668607100807,M2,13.147766670852697,12.33079350205575,18.827874709724185,-7.46845010733869
139,68,298,14.535510590063,19.2188590208979,-20.8868144533132,26.751668607100807,M3,10.630368122860473,11.92281117300834,18.755523163686217,-4.98538524261922
139,68,298,14.535510590063,19.2188590208979,-20.8868144533132,26.751668607100807,M6,12.323152411765752,12.197152348470308,18.80417480071396,-6.655082396723884
140,38,300,-0.650050129348696,24.0011334324062,-23.1142431502572,28.614243172749177,M1,7.662140934389441,-0.6500134233197238,24.000303503356125,-2.162140928366682
140,38,300,-0.650050129348696,24.0011334324062,-23.1142431502572,28.614243172749177,M2,12.22802880569632,-0.6500214223076335,24.00048436172254,-6.728028796084585
140,38,300,-0.650050129348696,24.0011334324062,-23.1142431502572,28.614243172749177,M3,9.348929972410955,-0.6500163784087452,24.000370318380607,-3.848929965062309
140,38,300,-0.650050129348696,24.0011334324062,-23.1142431502572,28.614243172749177,M6,11.297760058236182,-0.6500197925679918,24.000447513054606,-5.797760049355675
141,42,302,3.75026264264917,19.349732164563,-22.8182960492434,28.706105873893218,M1,14.805076044210557,4.089112848253802,21.60164024921943,-9.10506445190837
141,42,302,3.75026264264917,19.349732164563,-22.8182960492434,28.706105873893218,M2,12.536634625086185,4.144408164549797,21.969118172357753,-6.867268912543645
141,42,302,3.75026264264917,19.349732164563,-22.8182960492434,28.706105873893218,M3,9.657535791800818,4.214588808974548,22.435520015864064,-4.027065735067216
141,42,302,3.75026264264917,19.349732164563,-22.8182960492434,28.706105873893218,M6,11.606365877626049,4.167084308706494,22.119817777996722,-5.949567782628522
142,70,307,8.85026264264927,19.349732164563,-22.8182960492434,28.706105873893215,M1,14.448504357636576,9.197804606403338,21.659403355521164,-8.75330992875784
142,70,307,8.85026264264927,19.349732164563,-22.8182960492434,28.706105873893215,M2,12.536634625086185,9.24440816454984,21.969118172357753,-6.867268912543647
142,70,307,8.85026264264927,19.349732164563,-22.8182960492434,28.706105873893215,M3,9.657535791800818,9.31458880897458,22.435520015864064,-4.027065735067218
142,70,307,8.85026264264927,19.349732164563,-22.8182960492434,28.706105873893215,M6,11.606365877626049,9.267084308706535,22.119817777996722,-5.949567782628522
143,117,309,13.9502626426492,19.349732164563,-22.8182960492434,28.706105873893215,M1,14.282752165771456,14.301844966360884,21.6862545101107,-8.589796993193971
143,117,309,13.9502626426492,19.349732164563,-22.8182960492434,28.706105873893215,M2,12.536634625086185,14.344408164549815,21.969118172357753,-6.867268912543647
143,117,309,13.9502626426492,19.349732164563,-22.8182960492434,28.706105873893215,M3,9.657535791800818,14.414588808974564,22.435520015864064,-4.027065735067218
143,117,309,13.9502626426492,19.349732164563,-22.8182960492434,28.706105873893215,M6,11.606365877626049,14.367084308706513,22.119817777996722,-5.949567782628522
144,139,311,19.0502626426493,19.349732164563,-22.8182960492434,28.706105873893215,M1,14.189915284104512,19.40410794952304,21.701293692598725,-8.498214306539005
144,139,311,19.0502626426493,19.349732164563,-22.8182960492434,28.706105873893215,M2,12.536634625086185,19.44440816454986,21.969118172357753,-6.867268912543647
144,139,311,19.0502626426493,19.349732164563,-22.8182960492434,28.706105873893215,M3,9.657535791800818,19.514588808974597,22.435520015864064,-4.027065735067218
144,139,311,19.0502626426493,19.349732164563,-22.8182960492434,28.706105873893215,M6,11.606365877626049,19.467084308706553,22.119817777996722,-5.949567782628522
145,164,313,24.1502626426493,19.349732164563,-22.8182960492434,28.706105873893215,M1,13.984487178181258,24.509115445858342,21.734572177589563,-8.295561465156549
145,164,313,24.1502626426493,19.349732164563,-22.8182960492434,28.706105873893215,M2,12.536634625086185,24.54440816454986,21.969118172357753,-6.867268912543647
145,164,313,24.1502626426493,19.349732164563,-22.8182960492434,28.706105873893215,M3,9.657535791800818,24.6145888089746,22.435520015864064,-4.027065735067218
145,164,313,24.1502626426493,19.349732164563,-22.8182960492434,28.706105873893215,M6,11.606365877626049,24.56708430870655,22.119817777996722,-5.949567782628522
146,189,315,29.2502626426493,19.349732164563,-22.8182960492434,28.706105873893215,M1,13.766841634205894,29.614420753323223,21.769829835912187,-8.080856239196304
146,189,315,29.2502626426493,19.349732164563,-22.8182960492434,28.706105873893215,M2,12.536634625086185,29.64440816454986,21.969118172357753,-6.867268912543647
146,189,315,29.2502626426493,19.349732164563,-22.8182960492434,28.706105873893215,M3,9.657535791800818,29.714588808974597,22.435520015864064,-4.027065735067218
146,189,315,29.2502626426493,19.349732164563,-22.8182960492434,28.706105873893215,M6,11.606365877626049,29.667084308706553,22.119817777996722,-5.949567782628522
147,49,317,1.3579099575889,4.12924159654957,-19.6648279754096,25.511180680295578,M1,21.09435459038764,1.2353474149465948,3.4143337981323802,-15.307966952678353
147,49,317,1.3579099575889,4.12924159654957,-19.6648279754096,25.511180680295578,M2,19.57301544969804,1.1931317629130636,3.1680897320140855,-13.807282282396457
147,49,317,1.3579099575889,4.12924159654957,-19.6648279754096,25.511180680295578,M3,16.69391661641267,1.113239626264934,2.7020785813752695,-10.967271552521083
147,49,317,1.3579099575889,4.12924159654957,-19.6648279754096,25.511180680295578,M6,18.6427467022379,1.1673177279683995,3.017516363571384,-12.889643334434489
148,53,319,6.4579099575889,4.12924159654957,-19.6648279754096,25.511180680295578,M1,20.99331619417437,6.332543699678589,3.397979715829371,-15.208300304886464
148,53,319,6.4579099575889,4.12924159654957,-19.6648279754096,25.511180680295578,M2,19.57301544969804,6.293131762913063,3.1680897320140855,-13.807282282396457
148,53,319,6.4579099575889,4.12924159654957,-19.6648279754096,25.511180680295578,M3,16.69391661641267,6.213239626264934,2.7020785813752695,-10.967271552521083
148,53,319,6.4579099575889,4.12924159654957,-19.6648279754096,25.511180680295578,M6,18.6427467022379,6.2673177279684,3.017516363571384,-12.889643334434489
149,85,321,11.5579099575889,4.12924159654957,-19.6648279754096,25.511180680295578,M1,20.75064152379161,11.425809718301112,3.358700375687054,-14.968920308691768
149,85,321,11.5579099575889,4.12924159654957,-19.6648279754096,25.511180680295578,M2,19.57301544969804,11.393131762913063,3.1680897320140855,-13.807282282396457
149,85,321,11.5579099575889,4.12924159654957,-19.6648279754096,25.511180680295578,M3,16.69391661641267,11.313239626264933,2.7020785813752695,-10.967271552521083
149,85,321,11.5579099575889,4.12924159654957,-19.6648279754096,25.511180680295578,M6,18.6427467022379,11.367317727968398,3.017516363571384,-12.889643334434489
150,123,323,16.6579099575889,4.12924159654957,-19.6648279754096,25.511180680295578,M1,21.06660619993297,16.534577424637007,3.4098424415958632,-15.280595288421136
150,123,323,16.6579099575889,4.12924159654957,-19.6648279754096,25.511180680295578,M2,19.57301544969804,16.493131762913062,3.1680897320140855,-13.807282282396457
150,123,323,16.6579099575889,4.12924159654957,-19.6648279754096,25.511180680295578,M3,16.69391661641267,16.413239626264932,2.7020785813752695,-10.967271552521083
150,123,323,16.6579099575889,4.12924159654957,-19.6648279754096,25.511180680295578,M6,18.6427467022379,16.4673177279684,3.017516363571384,-12.889643334434489
151,148,325,21.7579099575889,4.12924159654957,-19.6648279754096,25.511180680295578,M1,21.37088470437656,21.64302085130061,3.4590929828871495,-15.580742753836255
151,148,325,21.7579099575889,4.12924159654957,-19.6648279754096,25.511180680295578,M2,19.57301544969804,21.593131762913064,3.1680897320140855,-13.807282282396457
151,148,325,21.7579099575889,4.12924159654957,-19.6648279754096,25.511180680295578,M3,16.69391661641267,21.513239626264934,2.7020785813752695,-10.967271552521083
151,148,325,21.7579099575889,4.12924159654957,-19.6648279754096,25.511180680295578,M6,18.6427467022379,21.5673177279684,3.017516363571384,-12.889643334434489
152,172,329,26.8579099575889,4.12924159654957,-19.6648279754096,25.511180680295578,M1,21.468178881602743,26.74572066820587,3.4748410256272773,-15.676716016053671
152,172,329,26.8579099575889,4.12924159654957,-19.6648279754096,25.511180680295578,M2,19.57301544969804,26.693131762913065,3.1680897320140855,-13.807282282396457
152,172,329,26.8579099575889,4.12924159654957,-19.6648279754096,25.511180680295578,M3,16.69391661641267,26.613239626264935,2.7020785813752695,-10.967271552521083
152,172,329,26.8579099575889,4.12924159654957,-19.6648279754096,25.511180680295578,M6,18.6427467022379,26.6673177279684,3.017516363571384,-12.889643334434489
153,197,331,31.9579099575889,4.12924159654957,-19.6648279754096,25.511180680295578,M1,21.41114102780957,31.844137924342867,3.465608874382996,-15.6204525370411
153,197,331,31.9579099575889,4.12924159654957,-19.6648279754096,25.511180680295578,M2,19.57301544969804,31.793131762913063,3.1680897320140855,-13.807282282396457
153,197,331,31.9579099575889,4.12924159654957,-19.6648279754096,25.511180680295578,M3,16.69391661641267,31.713239626264933,2.7020785813752695,-10.967271552521083
153,197,331,31.9579099575889,4.12924159654957,-19.6648279754096,25.511180680295578,M6,18.6427467022379,31.7673177279684,3.017516363571384,-12.889643334434489
154,46,333,-0.65003485546334,-0.0027421267078727,-19.3254890173075,24.825489168774283,M1,15.52492648570448,-0.6500217972948024,-0.0017148228284563705,-10.024926390982856
154,46,333,-0.65003485546334,-0.0027421267078727,-19.3254890173075,24.825489168774283,M2,20.268592769230825,-0.6500284574933223,-0.002238789704631929,-14.768592645566855
154,46,333,-0.65003485546334,-0.0027421267078727,-19.3254890173075,24.825489168774283,M3,17.38949393594546,-0.6500244151832941,-0.0019207756767235828,-11.889493829847623
154,46,333,-0.65003485546334,-0.0027421267078727,-19.3254890173075,24.825489168774283,M6,19.33832402177069,-0.6500271513781437,-0.002136035847071761,-13.83832390378253
155,51,335,3.76818478340687,-4.00868712179643,-18.941758476689,24.777691616912843,M1,23.914668261795168,3.7919328574765636,-3.8690619031538542,-18.09043589459948
155,51,335,3.76818478340687,-4.00868712179643,-18.941758476689,24.777691616912843,M2,21.043653899589,3.870935425975455,-3.404571567322384,-15.25834642036251
155,51,335,3.76818478340687,-4.00868712179643,-18.941758476689,24.777691616912843,M3,18.164555066303627,3.9501604573044244,-2.9387732761089995,-12.418282083390757
155,51,335,3.76818478340687,-4.00868712179643,-18.941758476689,24.777691616912843,M6,20.113385152128856,3.896533911796725,-3.254066976119557,-14.34069015135347
156,83,337,8.86818478340687,-4.00868712179643,-18.941758476689,24.777691616912843,M1,23.545174247664487,8.902100335753774,-3.8092828923030013,-17.725951438517225
156,83,337,8.86818478340687,-4.00868712179643,-18.941758476689,24.777691616912843,M2,21.043653899589,8.970935425975455,-3.404571567322384,-15.25834642036251
156,83,337,8.86818478340687,-4.00868712179643,-18.941758476689,24.777691616912843,M3,18.164555066303627,9.050160457304424,-2.9387732761089995,-12.418282083390757
156,83,337,8.86818478340687,-4.00868712179643,-18.941758476689,24.777691616912843,M6,20.113385152128856,8.996533911796725,-3.254066976119557,-14.34069015135347
157,121,339,13.9681847834069,-4.00868712179643,-18.941758476689,24.777691616912843,M1,23.43176760800356,14.005220980476441,-3.7909352696526066,-17.614082353248875
157,121,339,13.9681847834069,-4.00868712179643,-18.941758476689,24.777691616912843,M2,21.043653899589,14.070935425975481,-3.404571567322384,-15.25834642036251
157,121,339,13.9681847834069,-4.00868712179643,-18.941758476689,24.777691616912843,M3,18.164555066303627,14.150160457304448,-2.9387732761089995,-12.418282083390757
157,121,339,13.9681847834069,-4.00868712179643,-18.941758476689,24.777691616912843,M6,20.113385152128856,14.096533911796751,-3.254066976119557,-14.34069015135347
158,143,341,19.0681847834069,-4.00868712179643,-18.941758476689,24.777691616912843,M1,23.41409394698187,19.10570731193959,-3.788075916229857,-17.596648309724166
158,143,341,19.0681847834069,-4.00868712179643,-18.941758476689,24.777691616912843,M2,21.043653899589,19.170935425975483,-3.404571567322384,-15.25834642036251
158,143,341,19.0681847834069,-4.00868712179643,-18.941758476689,24.777691616912843,M3,18.164555066303627,19.25016045730445,-2.9387732761089995,-12.418282083390757
158,143,341,19.0681847834069,-4.00868712179643,-18.941758476689,24.777691616912843,M6,20.113385152128856,19.19653391179675,-3.254066976119557,-14.34069015135347
159,170,343,24.1681847834069,-4.00868712179643,-18.941758476689,24.777691616912843,M1,23.32060329684858,24.208279922368988,-3.772950424679148,-17.50442519525023
159,170,343,24.1681847834069,-4.00868712179643,-18.941758476689,24.777691616912843,M2,21.043653899589,24.270935425975484,-3.404571567322384,-15.25834642036251
159,170,343,24.1681847834069,-4.00868712179643,-18.941758476689,24.777691616912843,M3,18.164555066303627,24.35016045730445,-2.9387732761089995,-12.418282083390757
159,170,343,24.1681847834069,-4.00868712179643,-18.941758476689,24.777691616912843,M6,20.113385152128856,24.29653391179675,-3.254066976119557,-14.34069015135347
160,195,345,29.2681847834069,-4.00868712179643,-18.941758476689,24.777691616912843,M1,23.140252429642263,29.31324269160061,-3.7437721537589748,-17.32651950470118
160,195,345,29.2681847834069,-4.00868712179643,-18.941758476689,24.777691616912843,M2,21.043653899589,29.370935425975482,-3.404571567322384,-15.25834642036251
160,195,345,29.2681847834069,-4.00868712179643,-18.941758476689,24.777691616912843,M3,18.164555066303627,29.45016045730445,-2.9387732761089995,-12.418282083390757
160,195,345,29.2681847834069,-4.00868712179643,-18.941758476689,24.777691616912843,M6,20.113385152128856,29.39653391179675,-3.254066976119557,-14.34069015135347
168,397,363,72.7497373573507,19.349732164563,-22.8182960492434,28.706105873893215,M1,12.678243040812749,72.35904366897414,21.94617820746759,-7.0069642462550785
168,397,363,72.7497373573507,19.349732164563,-22.8182960492434,28.706105873893215,M2,12.536634625086185,72.35559183545014,21.969118172357753,-6.867268912543647
168,397,363,72.7497373573507,19.349732164563,-22.8182960492434,28.706105873893215,M3,9.657535791800818,72.2854111910254,22.435520015864064,-4.027065735067218
168,397,363,72.7497373573507,19.349732164563,-22.8182960492434,28.706105873893215,M6,11.606365877626049,72.33291569129345,22.119817777996722,-5.949567782628522
169,373,365,67.6497373573508,19.349732164563,-22.8182960492434,28.706105873893215,M1,12.356395126511016,67.2511983342565,21.998316209408877,-6.689464388905325
169,373,365,67.6497373573508,19.349732164563,-22.8182960492434,28.706105873893215,M2,12.536634625086185,67.25559183545019,21.969118172357753,-6.867268912543647
169,373,365,67.6497373573508,19.349732164563,-22.8182960492434,28.706105873893215,M3,9.657535791800818,67.18541119102544,22.435520015864064,-4.027065735067218
169,373,365,67.6497373573508,19.349732164563,-22.8182960492434,28.706105873893215,M6,11.606365877626049,67.23291569129348,22.119817777996722,-5.949567782628522
170,334,367,62.5497373573507,19.349732164563,-22.8182960492434,28.706105873893215,M1,12.579360231479322,62.15663331084357,21.962196804686627,-6.909417310380661
170,334,367,62.5497373573507,19.349732164563,-22.8182960492434,28.706105873893215,M2,12.536634625086185,62.15559183545014,21.969118172357753,-6.867268912543647
170,334,367,62.5497373573507,19.349732164563,-22.8182960492434,28.706105873893215,M3,9.657535791800818,62.0854111910254,22.435520015864064,-4.027065735067218
170,334,367,62.5497373573507,19.349732164563,-22.8182960492434,28.706105873893215,M6,11.606365877626049,62.13291569129345,22.119817777996722,-5.949567782628522
171,310,370,57.4497373573508,19.349732164563,-22.8182960492434,28.706105873893215,M1,12.760311327014172,57.06104415785837,21.932883491935346,-7.087923817543343
171,310,370,57.4497373573508,19.349732164563,-22.8182960492434,28.706105873893215,M2,12.536634625086185,57.05559183545019,21.969118172357753,-6.867268912543647
171,310,370,57.4497373573508,19.349732164563,-22.8182960492434,28.706105873893215,M3,9.657535791800818,56.985411191025435,22.435520015864064,-4.027065735067218
171,310,370,57.4497373573508,19.349732164563,-22.8182960492434,28.706105873893215,M6,11.606365877626049,57.03291569129349,22.119817777996722,-5.949567782628522
172,285,374,52.3497373573507,19.349732164563,-22.8182960492434,28.706105873893215,M1,12.827058037662722,51.96267116944695,21.922070806891483,-7.153768802605487
172,285,374,52.3497373573507,19.349732164563,-22.8182960492434,28.706105873893215,M2,12.536634625086185,51.955591835450136,21.969118172357753,-6.867268912543647
172,285,374,52.3497373573507,19.349732164563,-22.8182960492434,28.706105873893215,M3,9.657535791800818,51.8854111910254,22.435520015864064,-4.027065735067218
172,285,374,52.3497373573507,19.349732164563,-22.8182960492434,28.706105873893215,M6,11.606365877626049,51.932915691293445,22.119817777996722,-5.949567782628522
173,261,376,47.2497373573507,19.349732164563,-22.8182960492434,28.706105873893215,M1,12.763526748028411,46.861122536660844,21.93236260731987,-7.091095799302352
173,261,376,47.2497373573507,19.349732164563,-22.8182960492434,28.706105873893215,M2,12.536634625086185,46.85559183545014,21.969118172357753,-6.867268912543647
173,261,376,47.2497373573507,19.349732164563,-22.8182960492434,28.706105873893215,M3,9.657535791800818,46.7854111910254,22.435520015864064,-4.027065735067218
173,261,376,47.2497373573507,19.349732164563,-22.8182960492434,28.706105873893215,M6,11.606365877626049,46.832915691293444,22.119817777996722,-5.949567782628522
174,239,378,42.1497373573507,19.349732164563,-22.8182960492434,28.706105873893215,M1,12.762783550352925,41.761104420543674,21.93248300220244,-7.090362641977217
174,239,378,42.1497373573507,19.349732164563,-22.8182960492434,28.706105873893215,M2,12.536634625086185,41.75559183545014,21.969118172357753,-6.867268912543647
174,239,378,42.1497373573507,19.349732164563,-22.8182960492434,28.706105873893215,M3,9.657535791800818,41.6854111910254,22.435520015864064,-4.027065735067218
174,239,378,42.1497373573507,19.349732164563,-22.8182960492434,28.706105873893215,M6,11.606365877626049,41.73291569129345,22.119817777996722,-5.949567782628522
175,399,380,70.0420900424111,4.12924159654957,-19.6648279754096,25.511180680295578,M1,21.091487565959195,70.1647321421373,3.4138697413458043,-15.305138852425085
175,399,380,70.0420900424111,4.12924159654957,-19.6648279754096,25.511180680295578,M2,19.57301544969804,70.20686823708694,3.1680897320140855,-13.807282282396457
175,399,380,70.0420900424111,4.12924159654957,-19.6648279754096,25.511180680295578,M3,16.69391661641267,70.28676037373506,2.7020785813752695,-10.967271552521083
175,399,380,70.0420900424111,4.12924159654957,-19.6648279754096,25.511180680295578,M6,18.6427467022379,70.23268227203161,3.017516363571384,-12.889643334434489
176,375,382,64.9420900424111,4.12924159654957,-19.6648279754096,25.511180680295578,M1,20.72224167358381,65.0749783493704,3.3541035738265896,-14.940906029228856
176,375,382,64.9420900424111,4.12924159654957,-19.6648279754096,25.511180680295578,M2,19.57301544969804,65.10686823708693,3.1680897320140855,-13.807282282396457
176,375,382,64.9420900424111,4.12924159654957,-19.6648279754096,25.511180680295578,M3,16.69391661641267,65.18676037373507,2.7020785813752695,-10.967271552521083
176,375,382,64.9420900424111,4.12924159654957,-19.6648279754096,25.511180680295578,M6,18.6427467022379,65.1326822720316,3.017516363571384,-12.889643334434489
177,336,384,59.8420900424111,4.12924159654957,-19.6648279754096,25.511180680295578,M1,20.855981190123423,59.97126721045182,3.3757506618903865,-15.072829830381394
177,336,384,59.8420900424111,4.12924159654957,-19.6648279754096,25.511180680295578,M2,19.57301544969804,60.006868237086934,3.1680897320140855,-13.807282282396457
177,336,384,59.8420900424111,4.12924159654957,-19.6648279754096,25.511180680295578,M3,16.69391661641267,60.08676037373507,2.7020785813752695,-10.967271552521083
177,336,384,59.8420900424111,4.12924159654957,-19.6648279754096,25.511180680295578,M6,18.6427467022379,60.0326822720316,3.017516363571384,-12.889643334434489
178,312,386,54.7420900424111,4.12924159654957,-19.6648279754096,25.511180680295578,M1,21.189847376332413,54.86200275496928,3.4297902675461276,-15.402163280214417
178,312,386,54.7420900424111,4.12924159654957,-19.6648279754096,25.511180680295578,M2,19.57301544969804,54.90686823708694,3.1680897320140855,-13.807282282396457
178,312,386,54.7420900424111,4.12924159654957,-19.6648279754096,25.511180680295578,M3,16.69391661641267,54.986760373735066,2.7020785813752695,-10.967271552521083
178,312,386,54.7420900424111,4.12924159654957,-19.6648279754096,25.511180680295578,M6,18.6427467022379,54.9326822720316,3.017516363571384,-12.889643334434489
179,287,388,49.6420900424111,4.12924159654957,-19.6648279754096,25.511180680295578,M1,21.286956693275613,49.759308067753494,3.4455083887871445,-15.497954191905645
179,287,388,49.6420900424111,4.12924159654957,-19.6648279754096,25.511180680295578,M2,19.57301544969804,49.80686823708694,3.1680897320140855,-13.807282282396457
179,287,388,49.6420900424111,4.12924159654957,-19.6648279754096,25.511180680295578,M3,16.69391661641267,49.886760373735065,2.7020785813752695,-10.967271552521083
179,287,388,49.6420900424111,4.12924159654957,-19.6648279754096,25.511180680295578,M6,18.6427467022379,49.8326822720316,3.017516363571384,-12.889643334434489
180,263,390,44.5420900424111,4.12924159654957,-19.6648279754096,25.511180680295578,M1,21.248361022916605,44.66037905932026,3.4392612907209923,-15.459882515907903
180,263,390,44.5420900424111,4.12924159654957,-19.6648279754096,25.511180680295578,M2,19.57301544969804,44.70686823708694,3.1680897320140855,-13.807282282396457
180,263,390,44.5420900424111,4.12924159654957,-19.6648279754096,25.511180680295578,M3,16.69391661641267,44.78676037373506,2.7020785813752695,-10.967271552521083
180,263,390,44.5420900424111,4.12924159654957,-19.6648279754096,25.511180680295578,M6,18.6427467022379,44.732682272031596,3.017516363571384,-12.889643334434489
181,237,392,40.1499498706513,24.0011334324062,-23.1142431502572,28.614243172749177,M1,7.588485488320092,40.149986705717396,24.000300585806674,-2.088485482355229
181,237,392,40.1499498706513,24.0011334324062,-23.1142431502572,28.614243172749177,M2,12.22802880569632,40.149978577692366,24.00048436172254,-6.728028796084585
181,237,392,40.1499498706513,24.0011334324062,-23.1142431502572,28.614243172749177,M3,9.348929972410955,40.149983621591254,24.000370318380607,-3.848929965062309
181,237,392,40.1499498706513,24.0011334324062,-23.1142431502572,28.614243172749177,M6,11.297760058236182,40.14998020743201,24.000447513054606,-5.797760049355675
182,401,396,72.7318152165931,-4.00868712179643,-18.941758476689,24.777691616912843,M1,22.219116744670696,72.66141013981442,-3.5947451654961866,-16.41787247315258
182,401,396,72.7318152165931,-4.00868712179643,-18.941758476689,24.777691616912843,M2,21.043653899589,72.62906457402453,-3.404571567322384,-15.25834642036251
182,401,396,72.7318152165931,-4.00868712179643,-18.941758476689,24.777691616912843,M3,18.164555066303627,72.54983954269555,-2.9387732761089995,-12.418282083390757
182,401,396,72.7318152165931,-4.00868712179643,-18.941758476689,24.777691616912843,M6,20.113385152128856,72.60346608820325,-3.254066976119557,-14.34069015135347
183,377,398,67.6318152165931,-4.00868712179643,-18.941758476689,24.777691616912843,M1,22.09713649111317,67.5580535723712,-3.575010450934813,-16.29754601407504
183,377,398,67.6318152165931,-4.00868712179643,-18.941758476689,24.777691616912843,M2,21.043653899589,67.52906457402452,-3.404571567322384,-15.25834642036251
183,377,398,67.6318152165931,-4.00868712179643,-18.941758476689,24.777691616912843,M3,18.164555066303627,67.44983954269554,-2.9387732761089995,-12.418282083390757
183,377,398,67.6318152165931,-4.00868712179643,-18.941758476689,24.777691616912843,M6,20.113385152128856,67.50346608820324,-3.254066976119557,-14.34069015135347
184,338,400,62.5318152165931,-4.00868712179643,-18.941758476689,24.777691616912843,M1,22.05492714469023,62.45689208504951,-3.5681815636421166,-16.25590893719641
184,338,400,62.5318152165931,-4.00868712179643,-18.941758476689,24.777691616912843,M2,21.043653899589,62.42906457402452,-3.404571567322384,-15.25834642036251
184,338,400,62.5318152165931,-4.00868712179643,-18.941758476689,24.777691616912843,M3,18.164555066303627,62.349839542695555,-2.9387732761089995,-12.418282083390757
184,338,400,62.5318152165931,-4.00868712179643,-18.941758476689,24.777691616912843,M6,20.113385152128856,62.40346608820325,-3.254066976119557,-14.34069015135347
185,314,402,57.4318152165931,-4.00868712179643,-18.941758476689,24.777691616912843,M1,22.35398423942801,57.365121329362296,-3.6165648570857596,-16.550911449671453
185,314,402,57.4318152165931,-4.00868712179643,-18.941758476689,24.777691616912843,M2,21.043653899589,57.32906457402452,-3.404571567322384,-15.25834642036251
185,314,402,57.4318152165931,-4.00868712179643,-18.941758476689,24.777691616912843,M3,18.164555066303627,57.249839542695554,-2.9387732761089995,-12.418282083390757
185,314,402,57.4318152165931,-4.00868712179643,-18.941758476689,24.777691616912843,M6,20.113385152128856,57.30346608820325,-3.254066976119557,-14.34069015135347
186,289,403,52.3318152165931,-4.00868712179643,-18.941758476689,24.777691616912843,M1,22.54105628085796,52.27026904717306,-3.6468305208498744,-16.735447189524272
186,289,403,52.3318152165931,-4.00868712179643,-18.941758476689,24.777691616912843,M2,21.043653899589,52.22906457402452,-3.404571567322384,-15.25834642036251
186,289,403,52.3318152165931,-4.00868712179643,-18.941758476689,24.777691616912843,M3,18.164555066303627,52.14983954269555,-2.9387732761089995,-12.418282083390757
186,289,403,52.3318152165931,-4.00868712179643,-18.941758476689,24.777691616912843,M6,20.113385152128856,52.20346608820325,-3.254066976119557,-14.34069015135347
187,265,405,47.2318152165931,-4.00868712179643,-18.941758476689,24.777691616912843,M1,22.464622935012017,47.16816580773257,-3.6344646647440824,-16.660050118335583
187,265,405,47.2318152165931,-4.00868712179643,-18.941758476689,24.777691616912843,M2,21.043653899589,47.12906457402452,-3.404571567322384,-15.25834642036251
187,265,405,47.2318152165931,-4.00868712179643,-18.941758476689,24.777691616912843,M3,18.164555066303627,47.04983954269555,-2.9387732761089995,-12.418282083390757
187,265,405,47.2318152165931,-4.00868712179643,-18.941758476689,24.777691616912843,M6,20.113385152128856,47.10346608820325,-3.254066976119557,-14.34069015135347
188,243,406,42.1318152165931,-4.00868712179643,-18.941758476689,24.777691616912843,M1,22.706257338906568,42.074814934534814,-3.673557762602071,-16.898408470314507
188,243,406,42.1318152165931,-4.00868712179643,-18.941758476689,24.777691616912843,M2,21.043653899589,42.02906457402452,-3.404571567322384,-15.25834642036251
188,243,406,42.1318152165931,-4.00868712179643,-18.941758476689,24.777691616912843,M3,18.164555066303627,41.94983954269555,-2.9387732761089995,-12.418282083390757
188,243,406,42.1318152165931,-4.00868712179643,-18.941758476689,24.777691616912843,M6,20.113385152128856,42.00346608820325,-3.254066976119557,-14.34069015135347
195,241,418,40.1499651445367,-0.0027421267078727,-19.3254890173075,24.825489168774283,M1,15.61200907240741,40.1499780804396,-0.001724441631339381,-10.112008977154472
195,241,418,40.1499651445367,-0.0027421267078727,-19.3254890173075,24.825489168774283,M2,20.268592769230825,40.14997154250671,-0.002238789704631929,-14.768592645566855
195,241,418,40.1499651445367,-0.0027421267078727,-19.3254890173075,24.825489168774283,M3,17.38949393594546,40.14997558481674,-0.0019207756767235828,-11.889493829847623
195,241,418,40.1499651445367,-0.0027421267078727,-19.3254890173075,24.825489168774283,M6,19.33832402177069,40.149972848621886,-0.002136035847071761,-13.83832390378253
196,215,420,34.3502626426493,19.349732164563,-22.8182960492434,28.706105873893215,M1,13.478667281285496,34.72144526445178,21.81651286321901,-7.796575024751936
196,215,420,34.3502626426493,19.349732164563,-22.8182960492434,28.706105873893215,M2,12.536634625086185,34.74440816454986,21.969118172357753,-6.867268912543647
196,215,420,34.3502626426493,19.349732164563,-22.8182960492434,28.706105873893215,M3,9.657535791800818,34.8145888089746,22.435520015864064,-4.027065735067218
196,215,420,34.3502626426493,19.349732164563,-22.8182960492434,28.706105873893215,M6,11.606365877626049,34.76708430870655,22.119817777996722,-5.949567782628522
197,221,423,37.0579099575889,4.12924159654957,-19.6648279754096,25.511180680295578,M1,21.251692461537186,36.93971338479677,3.4398005176231434,-15.463168725231107
197,221,423,37.0579099575889,4.12924159654957,-19.6648279754096,25.511180680295578,M2,19.57301544969804,36.893131762913065,3.1680897320140855,-13.807282282396457
197,221,423,37.0579099575889,4.12924159654957,-19.6648279754096,25.511180680295578,M3,16.69391661641267,36.81323962626493,2.7020785813752695,-10.967271552521083
197,221,423,37.0579099575889,4.12924159654957,-19.6648279754096,25.511180680295578,M6,18.6427467022379,36.8673177279684,3.017516363571384,-12.889643334434489
198,219,425,34.3681847834069,-4.00868712179643,-18.941758476689,24.777691616912843,M1,22.913350143001004,34.41948643028716,-3.7070625083074145,-17.10269353359625
198,219,425,34.3681847834069,-4.00868712179643,-18.941758476689,24.777691616912843,M2,21.043653899589,34.47093542597548,-3.404571567322384,-15.25834642036251
198,219,425,34.3681847834069,-4.00868712179643,-18.941758476689,24.777691616912843,M3,18.164555066303627,34.55016045730445,-2.9387732761089995,-12.418282083390757
198,219,425,34.3681847834069,-4.00868712179643,-18.941758476689,24.777691616912843,M6,20.113385152128856,34.49653391179675,-3.254066976119557,-14.34069015135347
