frame,pile_type,orientation,P_X_max_T,P_Y_max_T
1,BTCT_D800,vertical,0.849613171249413,0.273479838675597
10,BTCT_D800,vertical,0.098451330424954,0.331962382909476
100,BTCT_D800,vertical,0.379643751993188,0.282181439316953
101,BTCT_D800,vertical,0.263639840836745,0.621473421792221
103,BTCT_D800,vertical,0.357720570016115,0.268319199054293
104,BTCT_D800,vertical,0.16984930428496,0.431876952913432
105,BTCT_D800,vertical,0.337716462614639,0.271324271111292
106,BTCT_D800,vertical,0.342651410756156,0.889377378664003
107,BTCT_D800,vertical,0.315180232205814,0.278611579802122
108,BTCT_D800,vertical,0.243342594809,0.688360318894638
109,BTCT_D800,vertical,0.29281952531822,0.280520487325957
11,BTCT_D800,vertical,0.0932645195500269,0.406031915909252
110,BTCT_D800,vertical,0.169148757106011,0.493870732949922
111,BTCT_D800,vertical,0.259395806626948,0.295827894125102
112,BTCT_D800,vertical,0.4181723078598,0.917563083291218
113,BTCT_D800,vertical,0.25027859984833,0.313600475020354
114,BTCT_D800,vertical,0.521704480088415,0.947201623214895
115,BTCT_D800,vertical,0.312304100813256,0.328635371246157
116,BTCT_D800,vertical,0.486246610916185,0.684059333067303
117,BTCT_D800,vertical,0.380576030838067,0.353058191158131
119,BTCT_D800,vertical,0.35555805196535,0.477875673345477
12,BTCT_D800,vertical,0.201289499299591,0.331555806894042
120,BTCT_D800,vertical,0.630942945128811,0.997063534668283
121,BTCT_D800,vertical,0.592125968949763,0.741085163067253
122,BTCT_D800,vertical,0.479576980666868,0.529882967680957
123,BTCT_D800,raked_6to1,1.1556964263614,3.9432716446839344
125,BTCT_D800,raked_6to1,1.35175647867008,4.166976193539021
126,BTCT_D800,raked_6to1,1.25821018318716,4.7560612902420605
127,BTCT_D800,raked_6to1,1.06682340424352,4.170423004659203
128,BTCT_D800,raked_6to1,0.387547116078624,3.541605321711347
129,BTCT_D800,raked_6to1,0.232059679255118,3.4951094200830077
13,BTCT_D800,vertical,0.272235362010352,0.408411677321266
132,BTCT_D800,raked_6to1,0.320148255054314,4.999838312678286
135,BTCT_D800,raked_6to1,0.503277161070864,5.263169963017988
136,BTCT_D800,raked_6to1,0.183741392974877,5.676568300745169
137,BTCT_D800,raked_6to1,0.172555694212578,5.069583414043908
138,BTCT_D800,raked_6to1,0.525978425324376,5.75214408569707
139,BTCT_D800,raked_6to1,0.46304464463188,4.63726444356737
14,BTCT_D800,raked_6to1,0.688386440423556,5.568772120646624
140,Steel_D1016,raked_6to1,1.1075876064993,0.6865666457005623
141,Steel_D1016,raked_6to1,0.473286503767214,34.91874509618349
142,Steel_D1016,raked_6to1,0.499370039258129,32.01904218059372
143,Steel_D1016,raked_6to1,0.502178357035286,30.716946082460673
144,Steel_D1016,raked_6to1,0.480378497454056,29.46947825192686
145,Steel_D1016,raked_6to1,0.464291032748937,28.08778101588695
146,Steel_D1016,raked_6to1,0.442461137531772,26.656056964251494
147,Steel_D1016,raked_6to1,0.47374741107355,28.578662400348904
148,Steel_D1016,raked_6to1,0.41739461154395,27.90471019164333
149,Steel_D1016,raked_6to1,0.284797193327244,26.315127646325372
15,BTCT_D800,raked_6to1,0.627249667135542,4.892511402850931
150,Steel_D1016,raked_6to1,0.174699720672014,28.392863469455467
151,Steel_D1016,raked_6to1,0.171485304494732,31.12037327725992
152,Steel_D1016,raked_6to1,0.25460226688002,31.886486504784664
153,Steel_D1016,raked_6to1,0.320035519655313,31.436145633540473
154,Steel_D1016,raked_6to1,2.01007091385134,0.26978399740427117
155,Steel_D1016,raked_6to1,0.615217020525016,40.12596036045113
156,Steel_D1016,raked_6to1,0.510363967719992,36.88711260995873
157,Steel_D1016,raked_6to1,0.351936333989014,35.922174231331205
158,Steel_D1016,raked_6to1,0.321756025741079,35.773026419753194
159,Steel_D1016,raked_6to1,0.332268735681018,34.9895805992629
16,BTCT_D800,raked_6to1,0.104474373878054,5.05931145563729
160,Steel_D1016,raked_6to1,0.303932517542573,33.50446450925871
161,,,0.554218918894835,
162,,,0.56281526478537,
163,,,0.584119838559514,
164,,,0.580675297602756,
165,,,0.564786081880058,
166,,,0.548556048194063,
167,,,0.543097856363634,
168,Steel_D1016,raked_6to1,0.731788305717088,19.599998242253555
169,Steel_D1016,raked_6to1,0.678432861836527,17.68950854678562
17,BTCT_D800,raked_6to1,0.154379161419856,5.849762866841123
170,Steel_D1016,raked_6to1,0.65637583713182,19.001873846119572
171,Steel_D1016,raked_6to1,0.647586161588484,20.465036157380894
172,Steel_D1016,raked_6to1,0.627569292366675,20.853686044815262
173,Steel_D1016,raked_6to1,0.587435215770386,20.48368745506336
174,Steel_D1016,raked_6to1,0.54397480913067,20.47937583814971
175,Steel_D1016,raked_6to1,0.729727081819843,28.559440343591543
176,Steel_D1016,raked_6to1,0.625494435454219,26.131788888705948
177,Steel_D1016,raked_6to1,0.635450665722294,27.00007935623762
178,Steel_D1016,raked_6to1,0.61484682428414,29.22217598765154
179,Steel_D1016,raked_6to1,0.53681174787327,30.467543735489393
18,BTCT_D800,vertical,1.00007844463748,0.211563080021145
180,Steel_D1016,raked_6to1,0.478234830168289,29.619637998560695
181,Steel_D1016,raked_6to1,0.718693283493452,0.5120607279749047
182,Steel_D1016,raked_6to1,0.771811999311024,26.30114283841114
183,Steel_D1016,raked_6to1,0.643305801600249,25.517853602553583
184,Steel_D1016,raked_6to1,0.648145057531214,25.249228208320226
185,Steel_D1016,raked_6to1,0.625544876495449,27.179280397847073
186,Steel_D1016,raked_6to1,0.559876206685817,28.41835370836058
187,Steel_D1016,raked_6to1,0.491615169954151,27.90914444724499
188,Steel_D1016,raked_6to1,0.435349547311671,29.532881681684685
189,,,0.739949431468505,
19,BTCT_D800,vertical,0.910299164529641,0.179348939414129
190,,,0.699463004871245,
191,,,0.681841841190099,
192,,,0.674819989875755,
193,,,0.651873826484157,
194,,,0.608812295199758,
195,Steel_D1016,raked_6to1,0.585633432791757,0.47205974036849946
196,Steel_D1016,raked_6to1,0.451388468731049,24.8112668173536
197,Steel_D1016,raked_6to1,0.383208528735294,29.642339184804403
198,Steel_D1016,raked_6to1,0.356544418717144,31.68498586590301
199,,,0.555558117791368,
2,BTCT_D800,vertical,0.773635606350869,0.241760217350672
20,BTCT_D800,vertical,0.756336906317524,0.201495888986612
21,BTCT_D800,vertical,0.698210912912688,0.160704046300568
22,BTCT_D800,vertical,0.622117363929369,0.173568113801794
23,BTCT_D800,vertical,0.539094836194093,0.186648830620972
24,BTCT_D800,vertical,0.456110132759083,0.213740324359353
25,BTCT_D800,vertical,0.374691712012416,0.265066776408723
26,BTCT_D800,vertical,0.289335801706383,0.285851811971714
27,BTCT_D800,vertical,0.196342831501924,0.326671941604535
28,BTCT_D800,vertical,0.172710532798934,0.401050152375905
29,BTCT_D800,vertical,0.210634059331667,0.349008528834159
3,BTCT_D800,vertical,0.623244586092518,0.274522491336621
30,BTCT_D800,vertical,0.259436573620631,0.434559793889865
31,BTCT_D800,raked_6to1,0.816196467346327,4.8078296494978305
32,BTCT_D800,raked_6to1,0.748866574178156,4.486550332161434
33,BTCT_D800,raked_6to1,0.173590583531264,4.3591659802812845
34,BTCT_D800,raked_6to1,0.192646978935867,5.432601552358404
35,BTCT_D800,vertical,0.664923575328191,0.31571198048663
36,BTCT_D800,vertical,0.593301098461454,0.292460264844799
37,BTCT_D800,vertical,1.21768841523176,0.272779156229527
38,BTCT_D800,vertical,1.10845949897778,0.271298631887038
39,BTCT_D800,vertical,0.453631857208993,0.312182574707695
4,BTCT_D800,vertical,0.549354464647176,0.232813643971702
40,BTCT_D800,vertical,0.875895424058774,0.119407127788399
41,BTCT_D800,vertical,0.74918705980967,0.13757962300259
42,BTCT_D800,vertical,0.635654469173545,0.17679926615181
43,BTCT_D800,vertical,0.526469167267573,0.159147814780469
44,BTCT_D800,vertical,0.374565664869138,0.278918054825041
45,BTCT_D800,vertical,0.41677009898347,0.194603515035406
46,BTCT_D800,vertical,0.305553378082039,0.259274314941265
47,BTCT_D800,vertical,0.199247677802585,0.28666448105332
48,BTCT_D800,vertical,0.320918360492316,0.2470082315576
49,BTCT_D800,vertical,0.143782590654262,0.336230996210332
5,BTCT_D800,vertical,0.474720254909237,0.192481085374349
50,BTCT_D800,vertical,0.182313461395344,0.418048100007089
51,BTCT_D800,vertical,0.356477416511595,0.374031234645059
52,BTCT_D800,vertical,0.299004451949944,0.238971218017723
53,BTCT_D800,vertical,0.481196401374561,0.481161418931302
54,BTCT_D800,raked_6to1,1.05722782431799,3.7483395691752643
55,BTCT_D800,raked_6to1,0.980984301311695,3.791223660861747
56,BTCT_D800,vertical,0.275892677348282,0.225021518506535
57,BTCT_D800,raked_6to1,0.196990059831446,3.554446348256159
58,BTCT_D800,raked_6to1,0.287550310380398,4.882248676016109
59,BTCT_D800,vertical,1.82472718402145,0.782981733997354
6,BTCT_D800,vertical,0.400037362510665,0.197335445711841
60,BTCT_D800,vertical,0.252953999675324,0.260107871540968
61,BTCT_D800,vertical,1.59005000671036,0.599048833993544
62,BTCT_D800,vertical,1.3628803209282,0.426597767153332
63,BTCT_D800,vertical,1.65158851366583,0.77515646942472
64,BTCT_D800,vertical,0.228918075313005,0.277979305239106
65,BTCT_D800,vertical,1.43641660078682,0.608856784927649
66,BTCT_D800,vertical,1.23544643829308,0.435379884632487
67,BTCT_D800,vertical,1.47837236873774,0.756053600028807
68,BTCT_D800,vertical,0.203471812319742,0.31337500065711
69,BTCT_D800,vertical,1.35763353706428,0.674312707098781
7,BTCT_D800,vertical,0.325065881968107,0.221240254018375
70,BTCT_D800,vertical,1.16807807356217,0.420019234554862
71,BTCT_D800,vertical,0.988999103008926,0.240957422837636
72,BTCT_D800,vertical,0.16341640713096,0.369635403838371
73,BTCT_D800,vertical,1.23539042422509,0.69417704659133
74,BTCT_D800,vertical,1.05126158579753,0.457997659020426
75,BTCT_D800,vertical,0.868637831778367,0.271551105940301
76,BTCT_D800,vertical,1.09914979566999,0.732545452074673
77,BTCT_D800,vertical,0.924949430790819,0.510810724608542
78,BTCT_D800,vertical,0.75062593332504,0.324370154657272
79,BTCT_D800,vertical,0.955723037638927,0.706307524140779
8,BTCT_D800,vertical,0.250038659906129,0.267406833231713
80,BTCT_D800,vertical,0.794205935750194,0.486114984514544
81,BTCT_D800,vertical,0.633371530195728,0.302396260702718
82,BTCT_D800,vertical,0.283337122476716,0.331203561675308
83,BTCT_D800,vertical,0.810259204003806,0.703942605109036
84,BTCT_D800,vertical,0.662505700078478,0.485598790279689
85,BTCT_D800,vertical,0.515838580978253,0.302616247757092
86,BTCT_D800,vertical,0.362414565280535,0.391432817864789
87,BTCT_D800,vertical,0.664307551183082,0.736695167339134
88,BTCT_D800,vertical,0.526458259153938,0.352129031824967
89,BTCT_D800,vertical,0.530996068304515,0.523260325953723
9,BTCT_D800,vertical,0.174771932508861,0.28589338141591
90,BTCT_D800,vertical,0.471248204380236,0.342861434373663
91,BTCT_D800,vertical,0.398529183899546,0.338516887488185
92,BTCT_D800,vertical,0.419232552310657,0.34454851655724
93,BTCT_D800,vertical,0.516475963487068,0.771968080006718
94,BTCT_D800,vertical,0.390205665635147,0.334842665643126
95,BTCT_D800,vertical,0.399043011738407,0.557884168241036
96,BTCT_D800,vertical,0.399446293655295,0.312438708608145
97,BTCT_D800,vertical,0.282955475608717,0.373145295765326
98,BTCT_D800,vertical,0.399241155094955,0.295752505022693
99,BTCT_D800,vertical,0.361693123559058,0.832120177542513
