frame,pile_type,top_joint,bottom_joint,top_X,top_Y,top_Z,bot_X,bot_Y,bot_Z,fem_length_m,rake_V_to_H,status,spring_K33_tm,orientation
1,BTCT_D800,14,3,8.881784197001249e-16,12.0,5.5,9e-16,12.0,-20.2482142857143,25.7482142857143,,treatment_spring,428578.0,vertical
2,BTCT_D800,34,5,5.1,12.0,5.5,5.1,12.0,-20.2482142857143,25.7482142857143,,treatment_spring,428578.0,vertical
3,BTCT_D800,110,7,15.3,12.0,5.5,15.3,12.0,-20.2482142857143,25.7482142857143,,treatment_spring,428578.0,vertical
4,BTCT_D800,135,9,20.4,12.0,5.5,20.4,12.0,-20.2482142857143,25.7482142857143,,treatment_spring,428578.0,vertical
5,BTCT_D800,160,11,25.5,12.0,5.5,25.5,12.0,-20.2482142857143,25.7482142857143,,treatment_spring,428578.0,vertical
6,BTCT_D800,184,13,30.6,12.0,5.5,30.6,12.0,-20.2482142857143,25.7482142857143,,treatment_spring,428578.0,vertical
7,BTCT_D800,209,15,35.7,12.0,5.5,35.7,12.0,-20.2482142857143,25.7482142857143,,treatment_spring,428578.0,vertical
8,BTCT_D800,233,17,40.8,12.0,5.5,40.8,12.0,-20.2482142857143,25.7482142857143,,treatment_spring,428578.0,vertical
9,BTCT_D800,255,19,45.9,12.0,5.5,45.9,12.0,-20.2482142857143,25.7482142857143,,treatment_spring,428578.0,vertical
10,BTCT_D800,277,27,51.0,12.0,5.5,51.0,12.0,-20.2482142857143,25.7482142857143,,treatment_spring,428578.0,vertical
11,BTCT_D800,301,29,56.1,12.0,5.5,56.1,12.0,-20.2482142857143,25.7482142857143,,treatment_spring,428578.0,vertical
12,BTCT_D800,364,31,66.3,12.0,5.5,66.3,12.0,-20.2482142857143,25.7482142857143,,treatment_spring,428578.0,vertical
13,BTCT_D800,389,33,71.4,12.0,5.5,71.4,12.0,-20.2482142857143,25.7482142857143,,treatment_spring,428578.0,vertical
14,BTCT_D800,89,35,10.2,11.55,5.5,6.03345158187247,10.8127555077844,-19.9014238681556,25.7514269447658,6.003,treatment_spring,428578.0,raked_6to1
15,BTCT_D800,65,37,10.2,12.45,5.5,14.3665484181275,13.1872444922156,-19.9014238681556,25.7514269447658,6.003,treatment_spring,428578.0,raked_6to1
16,BTCT_D800,326,39,61.2,12.45,5.5,57.0334515818724,13.1872444922156,-19.9014238681556,25.7514269447658,6.003,treatment_spring,428578.0,raked_6to1
17,BTCT_D800,342,41,61.2,11.55,5.5,65.3665484181276,10.8127555077844,-19.9014238681556,25.7514269447658,6.003,treatment_spring,428578.0,raked_6to1
18,BTCT_D800,12,43,8.881784197001249e-16,6.0,5.5,9e-16,6.0,-19.2464285714286,24.7464285714286,,treatment_spring,298646.0,vertical
19,BTCT_D800,32,45,5.1,6.0,5.5,5.1,6.0,-19.2464285714286,24.7464285714286,,treatment_spring,298646.0,vertical
20,BTCT_D800,108,47,15.3,6.0,5.5,15.3,6.0,-19.2464285714286,24.7464285714286,,treatment_spring,298646.0,vertical
21,BTCT_D800,133,50,20.4,6.0,5.5,20.4,6.0,-19.2464285714286,24.7464285714286,,treatment_spring,298646.0,vertical
22,BTCT_D800,158,52,25.5,6.0,5.5,25.5,6.0,-19.2464285714286,24.7464285714286,,treatment_spring,298646.0,vertical
23,BTCT_D800,182,54,30.6,6.0,5.5,30.6,6.0,-19.2464285714286,24.7464285714286,,treatment_spring,298646.0,vertical
24,BTCT_D800,207,56,35.7,6.0,5.5,35.7,6.0,-19.2464285714286,24.7464285714286,,treatment_spring,298646.0,vertical
25,BTCT_D800,231,58,40.8,6.0,5.5,40.8,6.0,-19.2464285714286,24.7464285714286,,treatment_spring,298646.0,vertical
26,BTCT_D800,253,60,45.9,6.0,5.5,45.9,6.0,-19.2464285714286,24.7464285714286,,treatment_spring,298646.0,vertical
27,BTCT_D800,275,62,51.0,6.0,5.5,51.0,6.0,-19.2464285714286,24.7464285714286,,treatment_spring,298646.0,vertical
28,BTCT_D800,299,64,56.1,6.0,5.5,56.1,6.0,-19.2464285714286,24.7464285714286,,treatment_spring,298646.0,vertical
29,BTCT_D800,362,66,66.3,6.0,5.5,66.3,6.0,-19.2464285714286,24.7464285714286,,treatment_spring,298646.0,vertical
30,BTCT_D800,387,69,71.4,6.0,5.5,71.4,6.0,-19.2464285714286,24.7464285714286,,treatment_spring,298646.0,vertical
31,BTCT_D800,91,80,10.2,5.55,5.5,6.19106606736212,4.84461573032765,-18.9062957306634,24.7434110327731,5.996,treatment_spring,298646.0,raked_6to1
32,BTCT_D800,63,82,10.2,6.45,5.5,14.208933932638,7.15538426967236,-18.9062957306634,24.7434110327731,5.996,treatment_spring,298646.0,raked_6to1
33,BTCT_D800,324,84,61.2,6.45,5.5,57.191066067362,7.15538426967234,-18.9062957306635,24.7434110327732,5.996,treatment_spring,298646.0,raked_6to1
34,BTCT_D800,344,86,61.2,5.55,5.5,65.2089339326378,4.84461573032764,-18.9062957306635,24.7434110327731,5.996,treatment_spring,298646.0,raked_6to1
35,BTCT_D800,16,88,8.881784197001249e-16,18.0,5.5,-6.7e-15,18.0,-21.25,26.75,,treatment_spring,758640.0,vertical
36,BTCT_D800,36,90,5.1,18.0,5.5,5.09999999999999,18.0,-21.25,26.75,,treatment_spring,758640.0,vertical
37,BTCT_D800,10,92,8.881784197001249e-16,-5.25,5.5,9e-16,-5.25,-17.2,22.7,,treatment_spring,191081.0,vertical
38,BTCT_D800,30,94,5.1,-5.25,5.5,5.1,-5.25,-17.2,22.7,,treatment_spring,191081.0,vertical
39,BTCT_D800,115,97,15.3,18.0,5.5,15.3,18.0,-21.25,26.75,,treatment_spring,758640.0,vertical
40,BTCT_D800,106,99,15.3,-5.25,5.5,15.3,-5.25,-17.2,22.7,,treatment_spring,191081.0,vertical
41,BTCT_D800,131,101,20.4,-5.25,5.5,20.4,-5.25,-17.2,22.7,,treatment_spring,191081.0,vertical
42,BTCT_D800,156,103,25.5,-5.25,5.5,25.5,-5.25,-17.2,22.7,,treatment_spring,191081.0,vertical
43,BTCT_D800,180,105,30.6,-5.25,5.5,30.6,-5.25,-17.2,22.7,,treatment_spring,191081.0,vertical
44,BTCT_D800,137,107,20.4,18.0,5.5,20.4,18.0,-21.25,26.75,,treatment_spring,758640.0,vertical
45,BTCT_D800,205,109,35.7,-5.25,5.5,35.7,-5.25,-17.2,22.7,,treatment_spring,191081.0,vertical
46,BTCT_D800,229,111,40.8,-5.25,5.5,40.8,-5.25,-17.2,22.7,,treatment_spring,191081.0,vertical
47,BTCT_D800,251,116,45.9,-5.25,5.5,45.9,-5.25,-17.2,22.7,,treatment_spring,191081.0,vertical
48,BTCT_D800,162,118,25.5,18.0,5.5,25.5,18.0,-21.25,26.75,,treatment_spring,758640.0,vertical
49,BTCT_D800,273,120,51.0,-5.25,5.5,51.0,-5.25,-17.2,22.7,,treatment_spring,191081.0,vertical
50,BTCT_D800,297,122,56.1,-5.25,5.5,56.1,-5.25,-17.2,22.7,,treatment_spring,191081.0,vertical
51,BTCT_D800,360,124,66.3,-5.25,5.5,66.3,-5.25,-17.2,22.7,,treatment_spring,191081.0,vertical
52,BTCT_D800,186,126,30.6,18.0,5.5,30.6,18.0,-21.25,26.75,,treatment_spring,758640.0,vertical
53,BTCT_D800,385,128,71.4,-5.25,5.5,71.4,-5.25,-17.2,22.7,,treatment_spring,191081.0,vertical
54,BTCT_D800,93,130,10.2,-5.7,5.5,6.52565746832526,-6.34300994304307,-16.8872441394185,22.6958796918043,6.002,treatment_spring,191081.0,raked_6to1
55,BTCT_D800,61,132,10.2,-4.8,5.5,13.8743425316748,-4.15699005695693,-16.8872441394184,22.6958796918042,6.002,treatment_spring,191081.0,raked_6to1
56,BTCT_D800,211,134,35.7,18.0,5.5,35.7,18.0,-21.25,26.75,,treatment_spring,758640.0,vertical
57,BTCT_D800,322,136,61.2,-4.8,5.5,57.5256574683252,-4.1569900569569,-16.8872441394184,22.6958796918042,6.002,treatment_spring,191081.0,raked_6to1
58,BTCT_D800,346,138,61.2,-5.7,5.5,64.8743425316749,-6.34300994304309,-16.8872441394184,22.6958796918042,6.002,treatment_spring,191081.0,raked_6to1
59,BTCT_D800,4,140,8.881784197001249e-16,-21.0,5.5,9e-16,-21.0,-14.73,20.23,,treatment_spring,129825.0,vertical
60,BTCT_D800,235,142,40.8,18.0,5.5,40.8,18.0,-21.25,26.75,,treatment_spring,758640.0,vertical
61,BTCT_D800,6,144,8.881784197001249e-16,-15.75,5.5,9e-16,-15.75,-15.5,21.0,,treatment_spring,144666.0,vertical
62,BTCT_D800,8,149,8.881784197001249e-16,-10.5,5.5,9e-16,-10.5,-16.4,21.9,,treatment_spring,166015.0,vertical
63,BTCT_D800,18,151,5.1,-21.0,5.5,5.1,-21.0,-14.73,20.23,,treatment_spring,129825.0,vertical
64,BTCT_D800,257,153,45.9,18.0,5.5,45.9,18.0,-21.25,26.75,,treatment_spring,758640.0,vertical
65,BTCT_D800,26,155,5.1,-15.75,5.5,5.1,-15.75,-15.5,21.0,,treatment_spring,144666.0,vertical
66,BTCT_D800,28,157,5.1,-10.5,5.5,5.1,-10.5,-16.4,21.9,,treatment_spring,166015.0,vertical
67,BTCT_D800,55,159,10.2,-21.0,5.5,10.2,-21.0,-14.73,20.23,,treatment_spring,129825.0,vertical
68,BTCT_D800,281,161,51.0,18.0,5.5,51.0,18.0,-21.25,26.75,,treatment_spring,758640.0,vertical
69,BTCT_D800,100,163,15.3,-21.0,5.5,15.3,-21.0,-14.73,20.23,,treatment_spring,129825.0,vertical
70,BTCT_D800,102,165,15.3,-15.75,5.5,15.3,-15.75,-15.5,21.0,,treatment_spring,144666.0,vertical
71,BTCT_D800,104,167,15.3,-10.5,5.5,15.3,-10.5,-16.4,21.9,,treatment_spring,166015.0,vertical
72,BTCT_D800,304,171,56.1,18.0,5.5,56.1,18.0,-21.25,26.75,,treatment_spring,758640.0,vertical
73,BTCT_D800,125,173,20.4,-21.0,5.5,20.4,-21.0,-14.73,20.23,,treatment_spring,129825.0,vertical
74,BTCT_D800,127,175,20.4,-15.75,5.5,20.4,-15.75,-15.5,21.0,,treatment_spring,144666.0,vertical
75,BTCT_D800,129,177,20.4,-10.5,5.5,20.4,-10.5,-16.4,21.9,,treatment_spring,166015.0,vertical
76,BTCT_D800,150,179,25.5,-21.0,5.5,25.5,-21.0,-14.73,20.23,,treatment_spring,129825.0,vertical
77,BTCT_D800,152,181,25.5,-15.75,5.5,25.5,-15.75,-15.5,21.0,,treatment_spring,144666.0,vertical
78,BTCT_D800,154,183,25.5,-10.5,5.5,25.5,-10.5,-16.4,21.9,,treatment_spring,166015.0,vertical
79,BTCT_D800,174,185,30.6,-21.0,5.5,30.6,-21.0,-14.73,20.23,,treatment_spring,129825.0,vertical
80,BTCT_D800,176,187,30.6,-15.75,5.5,30.6,-15.75,-15.5,21.0,,treatment_spring,144666.0,vertical
81,BTCT_D800,178,192,30.6,-10.5,5.5,30.6,-10.5,-16.4,21.9,,treatment_spring,166015.0,vertical
82,BTCT_D800,366,194,66.3,18.0,5.5,66.3,18.0,-21.25,26.75,,treatment_spring,758640.0,vertical
83,BTCT_D800,199,196,35.7,-21.0,5.5,35.7,-21.0,-14.73,20.23,,treatment_spring,129825.0,vertical
84,BTCT_D800,201,198,35.7,-15.75,5.5,35.7,-15.75,-15.5,21.0,,treatment_spring,144666.0,vertical
85,BTCT_D800,203,200,35.7,-10.5,5.5,35.7,-10.5,-16.4,21.9,,treatment_spring,166015.0,vertical
86,BTCT_D800,391,202,71.4,18.0,5.5,71.4,18.0,-21.25,26.75,,treatment_spring,758640.0,vertical
87,BTCT_D800,223,204,40.8,-21.0,5.5,40.8,-21.0,-14.73,20.23,,treatment_spring,129825.0,vertical
88,BTCT_D800,2541,206,0.0,26.0,5.5,9e-16,26.0,-22.7,28.2,,treatment_spring,3000000.0,vertical
89,BTCT_D800,225,208,40.8,-15.75,5.5,40.8,-15.75,-15.5,21.0,,treatment_spring,144666.0,vertical
90,BTCT_D800,404,210,5.1,26.0,5.5,5.1,26.0,-22.7,28.2,,treatment_spring,3000000.0,vertical
91,BTCT_D800,227,214,40.8,-10.5,5.5,40.8,-10.5,-16.4,21.9,,treatment_spring,166015.0,vertical
92,BTCT_D800,2545,216,10.2,26.0,5.5,10.2,26.0,-22.7,28.2,,treatment_spring,3000000.0,vertical
93,BTCT_D800,245,218,45.9,-21.0,5.5,45.9,-21.0,-14.73,20.23,,treatment_spring,129825.0,vertical
94,BTCT_D800,407,220,15.3,26.0,5.5,15.3,26.0,-22.7,28.2,,treatment_spring,3000000.0,vertical
95,BTCT_D800,247,222,45.9,-15.75,5.5,45.9,-15.75,-15.5,21.0,,treatment_spring,144666.0,vertical
96,BTCT_D800,409,224,20.4,26.0,5.5,20.4,26.0,-22.7,28.2,,treatment_spring,3000000.0,vertical
97,BTCT_D800,249,226,45.9,-10.5,5.5,45.9,-10.5,-16.4,21.9,,treatment_spring,166015.0,vertical
98,BTCT_D800,2551,228,25.5,26.0,5.5,25.5,26.0,-22.7,28.2,,treatment_spring,3000000.0,vertical
99,BTCT_D800,267,230,51.0,-21.0,5.5,51.0,-21.0,-14.73,20.23,,treatment_spring,129825.0,vertical
100,BTCT_D800,412,232,30.6,26.0,5.5,30.6,26.0,-22.7,28.2,,treatment_spring,3000000.0,vertical
101,BTCT_D800,269,234,51.0,-15.75,5.5,51.0,-15.75,-15.5,21.0,,treatment_spring,144666.0,vertical
103,BTCT_D800,414,236,35.7,26.0,5.5,35.7,26.0,-22.7,28.2,,treatment_spring,3000000.0,vertical
104,BTCT_D800,271,238,51.0,-10.5,5.5,51.0,-10.5,-16.4,21.9,,treatment_spring,166015.0,vertical
105,BTCT_D800,2557,240,40.8,26.0,5.5,40.8,26.0,-22.7,28.2,,treatment_spring,3000000.0,vertical
106,BTCT_D800,291,242,56.1,-21.0,5.5,56.1,-21.0,-14.73,20.23,,treatment_spring,129825.0,vertical
107,BTCT_D800,417,244,45.9,26.0,5.5,45.9,26.0,-22.7,28.2,,treatment_spring,3000000.0,vertical
108,BTCT_D800,293,246,56.1,-15.75,5.5,56.1,-15.75,-15.5,21.0,,treatment_spring,144666.0,vertical
109,BTCT_D800,419,248,51.0,26.0,5.5,51.0,26.0,-22.7,28.2,,treatment_spring,3000000.0,vertical
110,BTCT_D800,295,250,56.1,-10.5,5.5,56.1,-10.5,-16.4,21.9,,treatment_spring,166015.0,vertical
111,BTCT_D800,2563,252,56.1,26.0,5.5,56.1,26.0,-22.7,28.2,,treatment_spring,3000000.0,vertical
112,BTCT_D800,316,254,61.2,-21.0,5.5,61.2,-21.0,-14.73,20.23,,treatment_spring,129825.0,vertical
113,BTCT_D800,424,256,61.2,26.0,5.5,61.2,26.0,-22.7,28.2,,treatment_spring,3000000.0,vertical
114,BTCT_D800,354,258,66.3,-21.0,5.5,66.3,-21.0,-14.73,20.23,,treatment_spring,129825.0,vertical
115,BTCT_D800,426,260,66.3,26.0,5.5,66.3,26.0,-22.7,28.2,,treatment_spring,3000000.0,vertical
116,BTCT_D800,356,262,66.3,-15.75,5.5,66.3,-15.75,-15.5,21.0,,treatment_spring,144666.0,vertical
117,BTCT_D800,2569,264,71.4,26.0,5.5,71.4,26.0,-22.7,28.2,,treatment_spring,3000000.0,vertical
119,BTCT_D800,358,266,66.3,-10.5,5.5,66.3,-10.5,-16.4,21.9,,treatment_spring,166015.0,vertical
120,BTCT_D800,379,268,71.4,-21.0,5.5,71.4,-21.0,-14.73,20.23,,treatment_spring,129825.0,vertical
121,BTCT_D800,381,270,71.4,-15.75,5.5,71.4,-15.75,-15.5,21.0,,treatment_spring,144666.0,vertical
122,BTCT_D800,383,272,71.4,-10.5,5.5,71.4,-10.5,-16.4,21.9,,treatment_spring,166015.0,vertical
123,BTCT_D800,95,274,10.2,-10.95,5.5,6.65110708078082,-11.5696479700224,-16.1031815003262,21.9015080643976,5.997,treatment_spring,166015.0,raked_6to1
125,BTCT_D800,98,276,10.2,-16.2,5.5,6.80616437947842,-16.793540758746,-15.2130505808513,20.9976397534656,6.012,treatment_spring,144666.0,raked_6to1
126,BTCT_D800,57,280,10.2,-15.3,5.5,13.5938356205215,-14.7064592412541,-15.2130505808513,20.9976397534656,6.012,treatment_spring,144666.0,raked_6to1
127,BTCT_D800,59,282,10.2,-10.05,5.5,13.7488929192191,-9.43035202997762,-16.1031815003262,21.9015080643976,5.997,treatment_spring,166015.0,raked_6to1
128,BTCT_D800,318,284,61.2,-15.3,5.5,57.8061643794785,-14.706459241254,-15.2130505808514,20.9976397534657,6.012,treatment_spring,144666.0,raked_6to1
129,BTCT_D800,320,286,61.2,-10.05,5.5,57.6511070807808,-9.43035202997762,-16.1031815003262,21.9015080643976,5.997,treatment_spring,166015.0,raked_6to1
132,BTCT_D800,348,288,61.2,-10.95,5.5,64.7488929192192,-11.5696479700224,-16.1031815003262,21.9015080643976,5.997,treatment_spring,166015.0,raked_6to1
135,BTCT_D800,352,290,61.2,-16.2,5.5,64.5938356205214,-16.7935407587461,-15.2130505808514,20.9976397534657,6.012,treatment_spring,144666.0,raked_6to1
136,BTCT_D800,340,292,61.2,17.55,5.5,65.5355105900628,16.7811409791022,-20.8868144533132,26.7516686071008,5.993,treatment_spring,758640.0,raked_6to1
137,BTCT_D800,330,294,61.2,18.45,5.5,56.8644894099371,19.2188590208978,-20.8868144533132,26.7516686071008,5.993,treatment_spring,758640.0,raked_6to1
138,BTCT_D800,87,296,10.2,17.55,5.5,5.8644894099372,16.7811409791022,-20.8868144533132,26.7516686071008,5.993,treatment_spring,758640.0,raked_6to1
139,BTCT_D800,68,298,10.2,18.45,5.5,14.535510590063,19.2188590208979,-20.8868144533132,26.7516686071008,5.993,treatment_spring,758640.0,raked_6to1
140,Steel_D1016,38,300,-0.650000000000005,24.0,5.5,-0.650050129348696,24.0011334324062,-23.1142431502572,28.6142431727492,25220.999,treatment_spring,3500000.0,raked_6to1
141,Steel_D1016,42,302,4.44999999999999,24.0,5.5,3.75026264264917,19.349732164563,-22.8182960492434,28.7061058738932,6.022,treatment_spring,3500000.0,raked_6to1
142,Steel_D1016,70,307,9.54999999999999,24.0,5.5,8.85026264264927,19.349732164563,-22.8182960492434,28.7061058738932,6.022,treatment_spring,3500000.0,raked_6to1
143,Steel_D1016,117,309,14.65,24.0,5.5,13.9502626426492,19.349732164563,-22.8182960492434,28.7061058738932,6.022,treatment_spring,3500000.0,raked_6to1
144,Steel_D1016,139,311,19.75,24.0,5.5,19.0502626426493,19.349732164563,-22.8182960492434,28.7061058738932,6.022,treatment_spring,3500000.0,raked_6to1
145,Steel_D1016,164,313,24.85,24.0,5.5,24.1502626426493,19.349732164563,-22.8182960492434,28.7061058738932,6.022,treatment_spring,3500000.0,raked_6to1
146,Steel_D1016,189,315,29.95,24.0,5.5,29.2502626426493,19.349732164563,-22.8182960492434,28.7061058738932,6.022,treatment_spring,3500000.0,raked_6to1
147,Steel_D1016,49,317,0.65,0.0,5.5,1.3579099575889,4.12924159654957,-19.6648279754096,25.5111806802956,6.007,treatment_spring,403739.0,raked_6to1
148,Steel_D1016,53,319,5.75,0.0,5.5,6.4579099575889,4.12924159654957,-19.6648279754096,25.5111806802956,6.007,treatment_spring,403739.0,raked_6to1
149,Steel_D1016,85,321,10.85,0.0,5.5,11.5579099575889,4.12924159654957,-19.6648279754096,25.5111806802956,6.007,treatment_spring,403739.0,raked_6to1
150,Steel_D1016,123,323,15.95,0.0,5.5,16.6579099575889,4.12924159654957,-19.6648279754096,25.5111806802956,6.007,treatment_spring,403739.0,raked_6to1
151,Steel_D1016,148,325,21.05,0.0,5.5,21.7579099575889,4.12924159654957,-19.6648279754096,25.5111806802956,6.007,treatment_spring,403739.0,raked_6to1
152,Steel_D1016,172,329,26.15,0.0,5.5,26.8579099575889,4.12924159654957,-19.6648279754096,25.5111806802956,6.007,treatment_spring,403739.0,raked_6to1
153,Steel_D1016,197,331,31.25,0.0,5.5,31.9579099575889,4.12924159654957,-19.6648279754096,25.5111806802956,6.007,treatment_spring,403739.0,raked_6to1
154,Steel_D1016,46,333,-0.650000000000005,0.0,5.5,-0.65003485546334,-0.0027421267078727,-19.3254890173075,24.8254891687743,9052.639,treatment_spring,315144.0,raked_6to1
155,Steel_D1016,51,335,4.44999999999999,0.0,5.5,3.76818478340687,-4.00868712179643,-18.941758476689,24.7776916169128,6.011,treatment_spring,315144.0,raked_6to1
156,Steel_D1016,83,337,9.54999999999999,0.0,5.5,8.86818478340687,-4.00868712179643,-18.941758476689,24.7776916169128,6.011,treatment_spring,315144.0,raked_6to1
157,Steel_D1016,121,339,14.65,0.0,5.5,13.9681847834069,-4.00868712179643,-18.941758476689,24.7776916169128,6.011,treatment_spring,315144.0,raked_6to1
158,Steel_D1016,143,341,19.75,0.0,5.5,19.0681847834069,-4.00868712179643,-18.941758476689,24.7776916169128,6.011,treatment_spring,315144.0,raked_6to1
159,Steel_D1016,170,343,24.85,0.0,5.5,24.1681847834069,-4.00868712179643,-18.941758476689,24.7776916169128,6.011,treatment_spring,315144.0,raked_6to1
160,Steel_D1016,195,345,29.95,0.0,5.5,29.2681847834069,-4.00868712179643,-18.941758476689,24.7776916169128,6.011,treatment_spring,315144.0,raked_6to1
161,Steel_D1016,40,347,0.65,24.0,5.5,1.4423808332069,28.6823388155234,-23.0091274798966,28.9019465405565,6.003,control_fixed,,raked_6to1
162,Steel_D1016,44,351,5.75,24.0,5.5,6.5423808332069,28.6823388155234,-23.0091274798966,28.9019465405565,6.003,control_fixed,,raked_6to1
163,Steel_D1016,81,353,10.85,24.0,5.5,11.6423808332069,28.6823388155234,-23.0091274798966,28.9019465405565,6.003,control_fixed,,raked_6to1
164,Steel_D1016,119,355,15.95,24.0,5.5,16.7423808332069,28.6823388155234,-23.0091274798966,28.9019465405565,6.003,control_fixed,,raked_6to1
165,Steel_D1016,141,357,21.05,24.0,5.5,21.8423808332069,28.6823388155234,-23.0091274798966,28.9019465405565,6.003,control_fixed,,raked_6to1
166,Steel_D1016,166,359,26.15,24.0,5.5,26.9423808332069,28.6823388155234,-23.0091274798966,28.9019465405565,6.003,control_fixed,,raked_6to1
167,Steel_D1016,193,361,31.25,24.0,5.5,32.0423808332069,28.6823388155234,-23.0091274798966,28.9019465405565,6.003,control_fixed,,raked_6to1
168,Steel_D1016,397,363,72.05,24.0,5.5,72.7497373573507,19.349732164563,-22.8182960492434,28.7061058738932,6.022,treatment_spring,3500000.0,raked_6to1
169,Steel_D1016,373,365,66.95,24.0,5.5,67.6497373573508,19.349732164563,-22.8182960492434,28.7061058738932,6.022,treatment_spring,3500000.0,raked_6to1
170,Steel_D1016,334,367,61.85,24.0,5.5,62.5497373573507,19.349732164563,-22.8182960492434,28.7061058738932,6.022,treatment_spring,3500000.0,raked_6to1
171,Steel_D1016,310,370,56.75,24.0,5.5,57.4497373573508,19.349732164563,-22.8182960492434,28.7061058738932,6.022,treatment_spring,3500000.0,raked_6to1
172,Steel_D1016,285,374,51.65,24.0,5.5,52.3497373573507,19.349732164563,-22.8182960492434,28.7061058738932,6.022,treatment_spring,3500000.0,raked_6to1
173,Steel_D1016,261,376,46.55,24.0,5.5,47.2497373573507,19.349732164563,-22.8182960492434,28.7061058738932,6.022,treatment_spring,3500000.0,raked_6to1
174,Steel_D1016,239,378,41.45,24.0,5.5,42.1497373573507,19.349732164563,-22.8182960492434,28.7061058738932,6.022,treatment_spring,3500000.0,raked_6to1
175,Steel_D1016,399,380,70.75,0.0,5.5,70.0420900424111,4.12924159654957,-19.6648279754096,25.5111806802956,6.007,treatment_spring,403739.0,raked_6to1
176,Steel_D1016,375,382,65.65,0.0,5.5,64.9420900424111,4.12924159654957,-19.6648279754096,25.5111806802956,6.007,treatment_spring,403739.0,raked_6to1
177,Steel_D1016,336,384,60.55,0.0,5.5,59.8420900424111,4.12924159654957,-19.6648279754096,25.5111806802956,6.007,treatment_spring,403739.0,raked_6to1
178,Steel_D1016,312,386,55.45,0.0,5.5,54.7420900424111,4.12924159654957,-19.6648279754096,25.5111806802956,6.007,treatment_spring,403739.0,raked_6to1
179,Steel_D1016,287,388,50.35,0.0,5.5,49.6420900424111,4.12924159654957,-19.6648279754096,25.5111806802956,6.007,treatment_spring,403739.0,raked_6to1
180,Steel_D1016,263,390,45.25,0.0,5.5,44.5420900424111,4.12924159654957,-19.6648279754096,25.5111806802956,6.007,treatment_spring,403739.0,raked_6to1
181,Steel_D1016,237,392,40.15,24.0,5.5,40.1499498706513,24.0011334324062,-23.1142431502572,28.6142431727492,25220.999,treatment_spring,3500000.0,raked_6to1
182,Steel_D1016,401,396,72.05,0.0,5.5,72.7318152165931,-4.00868712179643,-18.941758476689,24.7776916169128,6.011,treatment_spring,315144.0,raked_6to1
183,Steel_D1016,377,398,66.95,0.0,5.5,67.6318152165931,-4.00868712179643,-18.941758476689,24.7776916169128,6.011,treatment_spring,315144.0,raked_6to1
184,Steel_D1016,338,400,61.85,0.0,5.5,62.5318152165931,-4.00868712179643,-18.941758476689,24.7776916169128,6.011,treatment_spring,315144.0,raked_6to1
185,Steel_D1016,314,402,56.75,0.0,5.5,57.4318152165931,-4.00868712179643,-18.941758476689,24.7776916169128,6.011,treatment_spring,315144.0,raked_6to1
186,Steel_D1016,289,403,51.65,0.0,5.5,52.3318152165931,-4.00868712179643,-18.941758476689,24.7776916169128,6.011,treatment_spring,315144.0,raked_6to1
187,Steel_D1016,265,405,46.55,0.0,5.5,47.2318152165931,-4.00868712179643,-18.941758476689,24.7776916169128,6.011,treatment_spring,315144.0,raked_6to1
188,Steel_D1016,243,406,41.45,0.0,5.5,42.1318152165931,-4.00868712179643,-18.941758476689,24.7776916169128,6.011,treatment_spring,315144.0,raked_6to1
189,Steel_D1016,395,408,70.75,24.0,5.5,69.9576191667931,28.6823388155234,-23.0091274798966,28.9019465405565,6.003,control_fixed,,raked_6to1
190,Steel_D1016,368,410,65.65,24.0,5.5,64.8576191667931,28.6823388155234,-23.0091274798966,28.9019465405565,6.003,control_fixed,,raked_6to1
191,Steel_D1016,332,411,60.55,24.0,5.5,59.7576191667931,28.6823388155234,-23.0091274798966,28.9019465405565,6.003,control_fixed,,raked_6to1
192,Steel_D1016,308,413,55.45,24.0,5.5,54.6576191667931,28.6823388155234,-23.0091274798966,28.9019465405565,6.003,control_fixed,,raked_6to1
193,Steel_D1016,283,415,50.35,24.0,5.5,49.5576191667931,28.6823388155234,-23.0091274798966,28.9019465405565,6.003,control_fixed,,raked_6to1
194,Steel_D1016,259,416,45.25,24.0,5.5,44.4576191667931,28.6823388155234,-23.0091274798966,28.9019465405565,6.003,control_fixed,,raked_6to1
195,Steel_D1016,241,418,40.15,0.0,5.5,40.1499651445367,-0.0027421267078727,-19.3254890173075,24.8254891687743,9052.639,treatment_spring,315144.0,raked_6to1
196,Steel_D1016,215,420,35.05,24.0,5.5,34.3502626426493,19.349732164563,-22.8182960492434,28.7061058738932,6.022,treatment_spring,3500000.0,raked_6to1
197,Steel_D1016,221,423,36.35,0.0,5.5,37.0579099575889,4.12924159654957,-19.6648279754096,25.5111806802956,6.007,treatment_spring,403739.0,raked_6to1
198,Steel_D1016,219,425,35.05,0.0,5.5,34.3681847834069,-4.00868712179643,-18.941758476689,24.7776916169128,6.011,treatment_spring,315144.0,raked_6to1
199,Steel_D1016,217,427,36.35,24.0,5.5,37.1423808332069,28.6823388155234,-23.0091274798966,28.9019465405565,6.003,control_fixed,,raked_6to1
